Unnamed: 0,Question,A,B,C,D,Answer,Subject,Subcategory
157,人血红蛋白分子的氨基酸序列与黑猩猩血红蛋白的相似性比与狗血红蛋白的相似性更高。这种相似性表明，,人与狗的亲缘关系比人与黑猩猩的亲缘关系更近,人与大猩猩的亲缘关系比人与狗的亲缘关系更近,人与黑猩猩有亲缘关系，但与犬无亲缘关系,人和黑猩猩非常相似,B,high_school_biology,biology
39,研究从受精卵阶段到胎儿阶段的脊椎动物发育的胚胎学家有理由得出以下哪项结论？,个体发育重演系统发育。,早期胚胎展示了其纲、目和种的相同特征。,早期人类胚胎与早期鱼类和鸟类胚胎有共同特征。,人类胚胎在发育过程中显示出成年鱼类和鸟类的特征。,A,college_biology,biology
194,以下哪项不是防止种间繁殖的示例,潜在配偶出现地理隔离,潜在配偶出现行为隔离,潜在配偶求爱仪式不同,潜在配偶繁殖季节相似,D,high_school_biology,biology
266,细胞凋亡是程序性细胞死亡，是生物体的一个必要过程。关于细胞凋亡，以下哪项不正确？,随机发生。,在生物体不再需要时，特定细胞死亡。,积累了太多突变时，细胞会凋亡。,植物细胞被寄生虫感染时，凋亡会作为防御措施。,A,high_school_biology,biology
11,导致野生猫和驯化猫不同斑纹的基因也会导致这些猫出现交叉眼（斜视），交叉眼略微适应不良。假设与交叉眼相关的斑纹模式具有高度适应性，结果是猫种群的斑纹模式和交叉眼均随时间增加。这些观察结果可支持以下哪种说法？,进化是渐进的，倾向于进化为更完美的种群。,表型通常是折中的结果。,自然选择会随时间减少种群中适应不良基因的频率。,多基因遗传一般适应不良，后代中应该不太常见。,B,high_school_biology,biology
111,家系信息支持以下哪种说法？,P 代母体为 X-X。,P 代父亲为 X-Y。,如果第 II 代的父母 1 和 2 生了另一个孩子，孩子患尿黑酸尿症的几率为 25%。,女性 1 的基因型为 X-X。,C,high_school_biology,biology
100,一个 DNA 分子的核苷酸序列为 5′-C-a-T-3′。在蛋白质合成过程中，具有互补密码子的 mRNA 分子从 DNA 转录，一个 tRNA 与 mRNA 密码子配对。此 tRNA 反密码子的核苷酸序列是什么？,5′-G-T-A-3′,5′-G-U-A-3′,5′-C-A-U-3′,5-′U-A-C-3′,C,high_school_biology,biology
101,蓝藻与单细胞绿藻有何不同？,蓝藻还原硫化合物。,蓝藻没有细胞壁。,蓝藻没有细胞核。,绿藻产生细胞膜。,C,college_biology,biology
256,在实验室实践练习中，一名学生切下植物叶片盘状部分，并将其放入装有水的烧杯中。在水中加入一滴肥皂以帮助浸没叶片。肥皂帮助浸没叶片盘状部分的方式是什么？,肥皂分子经叶片气孔进入，并与氧分子结合。,肥皂分子与叶片表面气泡结合，并将其去除。,肥皂分子降低了水的 pH 值，以便过量 H + 与叶面结合。,肥皂分子疏水区域附着于蜡质叶面，而亲水区域与水分子形成氢键。,D,high_school_biology,biology
30,以下所有物质都可能存在于结缔组织中，除了,凝血酶,糖胺聚糖,胶原蛋白,成纤维细胞,A,college_biology,biology
72,环节动物和节肢动物相似之处在于两门的成员都,具有分节的身体,具有封闭的循环系统,通过湿润的膜扩散进行气体交换,具有发达的感觉器官,A,college_biology,biology
60,尽管突变发生率有规律性且可预测，但以下哪种说法最不可能是突变频率似乎较低的原因？,一些突变产生的等位基因是隐性的，可能不会表达。,一些不良表型性状可能无法繁殖。,一些突变会引起非常剧烈的表型变化，导致基因库中将其移除。,可预测的突变发生率导致基因库持续变异。,D,high_school_biology,biology
140,在真菌中，细胞壁由以下哪种物质加固？,几丁质,硅,木质素,胶原纤维,A,college_biology,biology
208,非洲肺鱼常生活在不流动的小淡水池中。其鳃减少，与其他鱼类的不同之处是呼吸空气。不同之处还包括非洲肺鱼排出的氮废物为尿素而不是氨。以下哪种说法正确地解释了这如何对肺鱼有利？,尿素不溶于水并沉于小水池底部。因此，鱼与有毒物质分隔开。,氨有剧毒，会危及栖息在小水池中的肺鱼。,小水池中的其他鱼可使用尿素作为能源来源。,剧毒尿素使小水池不适合竞争对手生存。,B,high_school_biology,biology
172,以下哪项导致根据同源蛋白的氨基酸序列确定不同物种进化相关性的准确性通常不如根据同源基因的核苷酸序列确定相关性？,沉默突变,基因重复,改变基因序列的易位事件,交叉互换,A,high_school_biology,biology
55,在一项实验中，对两栖动物受精卵的第一个卵裂面进行了处理，使得灰色新月体只存在于第一次卵裂产生的两个卵裂球中的一个中。然后将两个卵裂球分离。卵裂球的预期结局是什么？,带有灰色新月体的卵裂球会比没有灰色新月体的卵裂球更快生长。,带有灰色新月体的卵裂球会形成一个完整但较小的胚胎。,没有灰色新月体的卵裂球会形成一个完整但较小的胚胎。,带有灰色新月体的卵裂球会在第二次卵裂前停止分裂并死亡。,B,college_biology,biology
24,以下哪项不正确,甲状腺素可增加代谢率,胰岛素可减少糖原储存,加压素可刺激肾脏对水的重吸收,肾上腺素可增加血糖水平和心率,B,high_school_biology,biology
85,一只灰色羽毛公鸡和一只表型相同的母鸡产下 17 只灰色、7 只黑色和 8 只白色雏鸡。这些鸡的颜色遗传最简单解释是什么？,灰色性状比黑色性状具有上位性。,灰色性状比白色性状具有上位性。,黑白颜色性状为不完全显性。,黑白颜色性状为共显性。,C,high_school_biology,biology
146,关于你一个肝细胞中的 DNA，以下哪种说法是正确的？,你的肝细胞含有的 DNA 与你白细胞所含 DNA 相同。,你肝细胞的大部分 DNA 将被转录，但不会被翻译。,你肝细胞的大部分 DNA 将在细胞核中被转录，并在细胞质中被翻译。,你肝细胞中的 DNA 含有糖原储存特有基因，而其他细胞不含这些基因。,A,high_school_biology,biology
82,人体内通过分泌何种物质来维持足够的血清钙水平,甲状腺素,胰高血糖素,生长激素,甲状旁腺激素,D,college_biology,biology
77,沿着格架生长的植物表现出,向触性,向光性,向重力性,负向重力性,A,college_biology,biology
132,拟态是一种通过自然选择进化的策略，旨在提高生物对环境的适应性。下列哪项代表贝氏拟态的一种形式？,一种对蟾蜍有毒的千足虫在蟾蜍首次尝试食用后会被蟾蜍永久回避。,一只飞蛾在其尾端展示假眼以迷惑捕食者。,飞蛾呈现出与蛰蜂几乎相同的颜色。,一只在地面筑巢的海鸥雏鸟显示出与周围环境几乎无法区分的色彩图案。,C,college_biology,biology
179,微管是由微管蛋白亚基组装形成的蛋白丝。化学性秋水仙碱通过与微管蛋白亚基结合，阻止微管组装。使用秋水仙碱对以下哪种细胞过程损害最大？,有丝分裂期间的染色体排列和分离,蛋白质合成期间的核糖体和 mRNA 协调,物质跨质膜的运动,化学渗透期间质子在叶绿体类囊体内的积累,A,high_school_biology,biology
117,为什么陆地生态系统的净初级生产力倾向于向热带地区增加，以下哪项是最好的解释？,热带地区较高的物种多样性倾向于促进植物生长。,在热带地区，植物生长的代谢成本较低。,热带地区充足的水分供应和温暖的气温促进了光合作用。,热带地区有更多的捕食者，这使食草动物的数量降到了最低。,C,college_biology,biology
255,金枪鱼、鲨鱼和海豚都有类似的流线型外观，这一情况的最佳原因是什么？,它们有最近共同祖先。,它们维持了同一组突变。,它们获得了一种流线型体型，以在其特定环境中生存。,流线型身体在其环境中有选择性优势。,D,high_school_biology,biology
76,种群“固定”基因座比例越高，种群下述情况越低,核苷酸变异。,遗传多倍体。,平均杂合性。,仅 A 和 C,D,high_school_biology,biology
79,在豌豆中，高大植株（D）的等位基因对矮小植株（D）的等位基因完全显性，紫花色（W）的等位基因对白花色（W）的等位基因完全显性。在一个基因型为 DDWw 的高大紫花植株与一个矮小白花植株的杂交中，预期后代的表现型比例是什么？,全部为高大紫花,1 高大紫花：1 矮小紫花,1 高大紫花：1 高大白花：1 矮小紫花：1 矮小白花,1 高大紫花：1 高大白花,D,college_biology,biology
300,一位科学家在两只豚鼠之间交叉配种，这两只豚鼠都有黑色皮毛。黑色皮毛是显性，白色皮毛为隐性。四分之三的后代有黑色皮毛，四分之一有白色皮毛。父母的基因型最有可能是,bb × bb,Bb × Bb,Bb × bb,BB × Bb,B,high_school_biology,biology
9,流感病毒进入细胞后，立即开始以下哪项活动？,将病毒 DNA 植入宿主细胞的染色体中,破坏宿主细胞的转录机制,复制其遗传物质并合成病毒蛋白质,使用逆转录酶的病毒拷贝制造病毒 DNA,C,college_biology,biology
130,化石证据表明，马的体积随地质时间推移逐渐增大。以下哪个术语最能描述这一点？,人工选择,方向选择,稳定选择,分裂性选择,B,high_school_biology,biology
237,在南美洲西海岸的加拉帕戈斯群岛上，某些雀群已被长时间隔离。与较大的大陆雀种群相比，这些隔离种群的变异更大，涉及在更广物种范围。这些众多雀种中的变异是由于,趋同进化,趋异进化,分裂性选择,稳定选择,B,high_school_biology,biology
103,一名生物学家对一群松鼠研究了 15 年。期间，种群松鼠从未少于 30 只，也从未超过 45 只。她的数据显示，由于食物和捕食竞争，超过一半的已出生松鼠没有存活至繁殖后代时期。单代有 90% 已出生的松鼠存活至繁殖后代时期，该种群增加到 80 只。以下哪项关于该种群的推论可能是正确的？,可获得食物量可能增加。,捕食者数量可能减少。,随后几代的松鼠应该比前几代的遗传变异更高，因为过去未存活的松鼠现在可存活。,A、B 和 C 均正确,D,high_school_biology,biology
275,以下哪项是光合作用过程中产生氧气的来源？,H2O,H2O2,CO2,CO,A,high_school_biology,biology
113,在乙醇脱氢酶的存在下，乙醛还原为乙醇的速率随乙醛浓度的增加而增加。最终，反应速率达到最大值，此后乙醛浓度的进一步增加将不再产生任何影响。在最大反应速率下，以下哪项是正确的？,几乎所有的酶分子都在与乙醛分子相互作用。,反应的活化能降低。,反应的自由能变化减少。,酶对乙醛不再具有特异性。,A,college_biology,biology
304,DNA 的碱基组成在物种之间存在差异。您预计 DNA 中的以下哪种的比值保持恒定？,胞嘧啶:腺嘌呤,嘧啶:嘌呤,腺嘌呤:鸟嘌呤,鸟嘌呤:脱氧核糖,B,high_school_biology,biology
76,在细胞分裂过程中充当有丝分裂纺锤体附着点的染色体部分是,色素体,染色粒,着丝点,中心粒,C,college_biology,biology
136,以下哪些特征可区分原核细胞和动物细胞？,核糖体,细胞膜,叶绿体,细胞壁,D,high_school_biology,biology
265,以下哪一种不是种间相互作用的形式？,偏利共生,演替,互利共生,寄生,B,high_school_biology,biology
124,动物显示的一种称为固定动作模式的行为反应,发生在动物在其一生中的适当时间第二次暴露于正确的刺激时,发生在没有感觉反馈的情况下,是一种运动反应，一旦释放可能会自发终止,由动物环境中的多个感觉信号触发,B,college_biology,biology
78,如果一种酶的活性在广泛的 pH 范围内保持恒定，则很可能是,只有酶上的电离基团参与反应,只有底物上的电离基团参与反应,酶和底物上的电离基团都参与反应,酶或底物上没有电离基团参与反应,D,college_biology,biology
142,将一块马铃薯放入装有纯水的烧杯中。以下哪项是马铃薯进水的初始条件？,纯水的水势为负。,纯水的水势为正。,马铃薯的水势为正。,马铃薯的水势为负。,D,high_school_biology,biology
90,某些亲缘植物之间的杂交种是不育的，因为亲本植物的染色体数目不同。有时，这种杂交植物的染色体数目会自发加倍。以下哪项最好地描述了那些染色体数目加倍的植物的后代？,染色体数目加倍的植物在遗传上是有缺陷的，并且没有后代。,后代会因为增强的基因渗入能力而具有选择优势。,后代将能够成功繁殖，因为它们可以与亲本物种进行回交。,后代会恢复有性生殖的能力，因为染色体可以正常配对。,D,college_biology,biology
279,逆转录病毒将其 DNA 插入细菌基因中间时，改变了一个碱基对的正常阅读框。这类突变称为,重复,易位,倒位,移码突变,D,high_school_biology,biology
73,人类基因组中编码蛋白质的比例大约是多少？,2%,25%,50%,90%,A,college_biology,biology
9,假设称为 pike-cichlids 的鱼是食藻鱼的视觉捕食者（即经视觉定位猎物）。如果食藻鱼种群承受了来自 pike-cichlids 的捕食压力，那么以下哪项最不可能在多代食藻鱼种群中观察到？,单色食藻鱼选择,夜间食藻鱼选择（仅在夜间活动）,体型较大雌性食藻鱼选择，产下更多且更大的幼崽,在整体体型较小时达到性成熟的食藻鱼选择,C,high_school_biology,biology
75,以下有关原生生物界的生物的说法中，哪项是正确的？,它们是真核生物。,它们包括蓝藻。,它们是异养生物。,它们的细胞壁由肽聚糖组成。,A,college_biology,biology
70,具有ε重链并位于肥大细胞和嗜碱性白细胞的质膜上的免疫球蛋白属于哪类抗体,IgE,IgA,IgD,IgM,A,college_biology,biology
94,所有病毒至少含有以下哪两种主要成分：,DNA 和蛋白质,核酸和衣壳,DNA 和细胞膜,RNA 和细胞壁,B,high_school_biology,biology
267,人类手臂、蝙蝠翅膀和海豚鳍这些不同的结构包含许多相同的骨骼，这些骨骼由非常相似的胚胎组织发育而来。生物学家如何解读这些相似性？,通过识别骨骼是同源的,通过趋同进化的原理,通过提出人类、蝙蝠和海豚具有共同祖先,仅 A 和 C,D,high_school_biology,biology
246,一名研究人员正在利用一只巨型乌贼的神经元进行神经传递实验。实验开始时，轴突处于静息状态，在 37℃ 下测得阈值 -70 mV。轴突接受一种刺激后触发轴突的一种动作电位。随后的刺激更强。以下哪种说法解释了轴突经过几次强刺激时会发生什么？,轴突超极化至 -90 mV。,轴突超极化至 -50 mV。,动作电位强度变大。,动作电位频率增加。,D,high_school_biology,biology
192,服务具有五个不同的特征。它们是：,无形性、价值、可变性、不可分割性和缺乏所有权。,无形性、价值、可变性、不可分割性和盈利能力。,无形性、易逝性、可变性、不可分割性和缺乏所有权。,无形性、价值、可变性、不可分割性和关系。,C,marketing,business
78,根据伍德 (1991) 的观点，企业社会责任的三个结果是什么？,社会政策，社会计划和社会影响,社会评价，社会计划和社会影响,社会政策，社会证明和社会影响,社会政策，社会计划和社会分析,A,business_ethics,business
75,为他人目的收集的二手数据被称为____________：,一手研究。,描述性研究。,因果研究。,二手研究。,D,marketing,business
102,在品牌定位过程中使用_______________来说明所选品牌的不同属性。,产品特性。,SIC 代码。,感知地图。,组织特征。,C,marketing,business
122,当企业/产品进入衰退期时，这些目标通常用于成熟市场。目标是最大化短期利润和刺激正现金流。,剥离目标。,持有目标。,增长目标。,收集目标。,D,marketing,business
86,为了突出采购行为方法的变化，Svahn 和 Westerlund (2009) 确定了组织使用的六种主要采购策略。__________策略指的是采购人员的效率取向，其中主要购买目标是寻求产品的最低价格。为了实现这一目标，采购人员积极推动几个潜在供应商之间的竞争。,“议价者”采购。,“适应者”采购。,“价格最低着”采购。,“计划者”采购。,C,marketing,business
15,一种通过电子邮件进行营销的方法，其中信息的接收者已同意接收该电子邮件，这种方法被称为：,搜索营销。,互联网广告。,基于许可的电子邮件营销。,社交网络营销。,C,marketing,business
82,_______泛指企业使用的负面广告、抢客户或挖走客户以及掠夺性定价等所有伎俩。,合理竞争行为,欺诈行为,竞争把戏,卑鄙手段,D,business_ethics,business
229,分销网络中顺序成员（如生产商、分销商和零售商）之间涉及特定范围或价格上涨等问题的冲突被称为：,渠道冲突。,水平冲突。,垂直冲突。,供应链冲突。,C,marketing,business
199,旨在向渠道成员（包括最终用户）提供信息的基于互联网的组织被称为：,信息中介。,零售商。,百货商店。,批发商。,A,marketing,business
87,在进行国际市场调查时，对等有三种类型。下列哪一项不是对等？,概念上对等。,市场对等。,功能对等。,翻译对等。,B,marketing,business
75,伊斯兰金融与传统金融之间的一些关键区别包括：禁止收取和支付_______，禁止进行______和______交易，禁止不道德投资，以及要求所有金融产品都必须由__________支持。,利息，特定的，投机性的，无形资产,利息，不确定的，确定的，无形资产,利息，不确定的，投机性的，有形资产,利息，特定的，确定的，有形资产,C,business_ethics,business
22,以下哪个过程不是解释消费者如何思考和了解产品和品牌的基本过程？,认知。,感知。,学习。,个性。,D,marketing,business
191,一种由人工编辑维护并按类别和子类别列出网站的信息数据库被称为：,搜索目录。,自动语音应答 (AVR)。,应用程序。,SEO。,A,marketing,business
55,其中哪项不属于 March（1988 年）所确定的在高度模糊环境中进行决策的关键流？,期望,选择机会,问题,解决方案,A,management,business
76,许多人认为社会中普遍存在________推理，特别是在企业中通常以___________的形式出现。,结果主义，成本效益分析,合理化，年度审计,结果主义，年度审计,合理化，成本效益分析,A,business_ethics,business
228,为了使交换发生：,必须涉及到一个复杂的社会系统。,也必须发生有组织的营销活动。,一个以利润为导向的组织必须参与其中。,每一方都必须拥有对另一方有价值的东西。,D,marketing,business
92,广告是一种什么形式？,聚焦战略,差异化,成本领先,增长,B,management,business
73,_______将道德置于理性范围之外，是在情感上对他人的“道德冲动 ”。,美德伦理,伦理利己主义,后现代伦理学,责任伦理,C,business_ethics,business
53,一个国家的竞争在多大程度上受到其他国家的竞争的影响，用什么术语来形容？,国际贸易,全球经济,全球竞争,全球化,D,management,business
9,_______ 工作实践是指涉及时间、空间和任务相关流动性的工作模式。,动态,不稳定的,弹性,新式的,C,business_ethics,business
75,所说的考虑他人观点、意见和想法的领导风格是什么？,自由放任,以人为本,民主型,专制型,C,management,business
30,与营销传播相关的伦理问题包括它们具有_________并且不可避免，它们创造了________需求，强化_________并使_________和______永久存在。,侵入性，人为的，消费主义，不安全感，社会刻板印象,侵入性，人为的，非物质化，安全感，幸福感,侵入性，真实的，消费主义，不安全感，幸福感,侵入性，真实的，非物质化，安全感，社会刻板印象,A,business_ethics,business
208,在以下哪种情况下会发生非弹性需求,需求量随着价格的波动而变化很大,需求量几乎不随价格变化而变化,需求量变化与价格变化成相同比例,需求曲线和供给曲线在某一价格点相交,B,marketing,business
4,以下哪位政治领导人不能被称为“改革型”领导人？,玛格丽特·撒切尔,米哈伊尔·戈尔巴乔夫,纳尔逊·曼德拉,比尔·克林顿,D,management,business
32,何时进行收购？,两个平等的合作伙伴决定合作。,两个平等的合作伙伴共享资源。,两个不平等的合作伙伴联合起来。,两个不平等的合作伙伴在收购后合二为一。,D,management,business
70,文化同质化。,"1,3,4","1,2,3","1,2,3,4","2,3,4",B,business_ethics,business
166,当对问题所知甚少时，通过与知情来源讨论问题并检查之前已有的数据，就是在进行寻求发现问题原因的研究。这类研究是：,情况分析。,信息调查。,探索性研究。,底线分析。,C,marketing,business
219,"人们认为培养关系信任的三个主要结果是满意度、___________和连续性（Pavlou, 2002）。",降低感知风险。,服务恢复。,服务流程。,效率。,A,marketing,business
55,理论的复杂性。,"1,2,3,4","1,3,4","1,2,3","1,2,4",C,business_ethics,business
220,家庭生命周期：,是一种应用心理细分的方法。,指家庭形成和解体的过程。,提供对年龄、职业、收入和住房之间关系的见解。,由个人从婴儿期到退休的 11 个成长阶段组成。,B,marketing,business
157,以下哪个是商业折扣的最好例子？,一家伐木场向购买木材的房主提供折扣。,零售商为购买过季商品的消费者提供折扣。,生产商为零售商在 6 月份促销其产品提供折扣。,汽车经销商向顾客提供折扣以换取二手车。,C,marketing,business
81,什么不是组织结构的目的？,协调人员和资源,组织沟通渠道,使权力正规化,限制工人权利,D,management,business
104,以下哪一项是为了让客户知道他们购物时选择的公司在价格上是有竞争力的，从而让他们放心？,价格竞争力。,价格保证。,参考价格。,价格保证方案。,D,marketing,business
172,非随机样本的类型包括：,便利和配额样本。,集群和便利样本。,分层和便利样本。,随机和集群样本。,A,marketing,business
72,_____存在两大问题。_______是一个关键问题，鉴于公司的信息政策，也许有人会说，员工有权知道他们是否会被解雇。第二个问题是_______，尤其是员工被解雇后获得的________方案。,裁员，参与度，赔偿，补偿,增员，参与度，自主权，补偿,裁员，自主权，赔偿，福利,增员，独立性，参与度，福利,A,business_ethics,business
0,这是一个影响力等级或序列模型，用于解释广告是如何起作用的，它是：,ADD。,AIDA。,PESTLE。,SWOT。,B,marketing,business
1,描述决策中“经验法则”式偏差的术语是什么？,框架偏见,后见之明偏差,过度自信偏差,启发式偏差,D,management,business
39, __________ 是一个 ________、__________框架，超越了直线职能、运营和交易范围以生产某种商品或产品,国际供应链，静态，断连,全球生产网络，动态，关系,国际供应链，动态，断连,全球生产网络，静态，关系,B,business_ethics,business
88,根据法律，下列哪项赋予所有者使用品牌的专有权？,品牌忠诚度,品牌标志,商品名称,商标,D,marketing,business
144,这种方法已被用来通过电视和广播节目传达特定的信息，并帮助教育大量的目标受众。这种方法被称为：,意见追随者。,意见形成者。,公共关系。,意见领导者。,D,marketing,business
31,描述让个人以群体可接受方式行事的行为的术语是什么？,灌输,洗脑,宣传,社会化,D,management,business
31,这种形式的营销传播工具被称为“一种来自可识别的来源的付费的、中介形式的传播，旨在说服接收者现在或将来采取某种行动”。这被称为：,广告宣传。,个人销售。,公共关系。,宣传。,A,marketing,business
79,"企业根据 _________的要求参与社会核算, 以便识别 ________, 改善 ___________ 并鼓励 _________ 和 ___________",利益相关者，风险，利益相关者管理，问责制，透明度,利益相关者，问责制，透明度，风险，利益相关者管理,利益相关者，问责制，风险，利益相关者，利益相关者管理,利益相关者，利益相关者管理，透明度，风险，问责制,A,business_ethics,business
54,反映一个组织状况的关键因素是什么？,行政管理,流程,活动,突发事件,D,management,business
33,有许多方法可以影响_______。其中包括_________决策者（从非常直接的模式到间接的模式）、_________（公共或者私人）以及沟通的________。,政府，途径，传播广度，内容,政府，途径，传播高度，内容,政府，传播广度，途径，内容,员工，传播广度，内容，途径,A,business_ethics,business
57,缩写 SMART 代表什么？,适当、可衡量、可操作、有回报和及时,具体、可衡量、可操作、资源充足和及时,标准化、可衡量、可实现、有回报和及时,具体、可衡量、可实现、有回报和及时,D,management,business
99,Pine 和 Gilmore（1999）基于两个维度得出了四个不同的经验领域。这些维度是什么？,客户参与和环境关系。,客户获取和环境关系。,客户参与和客户关系。,客户保留和客户关系。,A,marketing,business
77,《联合国全球契约》所载原则未涵盖以下哪个领域？,人权,劳工,商业表现,反腐败,C,business_ethics,business
47,在营销术语中，___________指的是我们付出什么就能得到什么：,收入。,成本。,价值。,产品。,C,marketing,business
72,"假设 l = [1,2,3,4]，那么 Python3 中的 sum(l) 是什么？",4,1,10,8,C,high_school_computer_science,computer science
55,"假设任何赋值语句均可在单位时间内执行完毕。如果尽可能使用许多同样的处理器，那么，执行赋值 
A := B + C
B := A - B
C := A * E
D := A/F
E := B - C
F := A + B
 时，最少需要多少个时间单元才能达到与按所示顺序执行赋值时相同的结果？",1,2,3,4,C,college_computer_science,computer science
38,以下哪个是十进制数 231_{10} 的十六进制表示？,17_{16},E4_{16},E7_{16},F4_{16},C,high_school_computer_science,computer science
33,"关于使用页面的虚拟内存系统，以下哪一项陈述是正确的？
I. 虚拟地址空间可以大于物理内存空间。
II. 程序在执行期间必须全程停留在主存储器中。
III. 页面与程序的语义特征相对应。",只有 I,只有 II,I 和 II,I 和 III,A,college_computer_science,computer science
86,下列哪项最能解释当新设备连接到 Internet 时会发生什么？,为设备分配设备驱动程序。,为设备分配 Internet 协议 (IP) 地址。,为设备分配数据包编号。,为设备分配网站。,B,high_school_computer_science,computer science
71,K 倍交叉验证是,K 中的线性,K 中的二次,K 中的三次,K 中的指数,A,machine_learning,computer science
58,考虑以下三种场景，可以使用三种数据结构进行建模——字典/映射、队列和堆栈。场景 1：汽车在洗车场的单车道上排队。当每个司机到达洗车场入口时，司机都会下车。当司机走到洗车场出口付款并取车时，自动滑轮会将汽车移过洗车场。场景 2：参加真人秀电视选秀节目的参赛者在填写注册表后会获得一个唯一的数字 ID。场景 3：网球放在一个圆柱形的罐子里出售，这个罐子最多可装 3 个球，除了底部的球之外，每个球都放在下面的球上面。3 个球通过罐顶部的一个开口逐个放入罐中。3 个球通过同一个开口逐个从罐中取出。以下哪种数据结构最能模拟这些场景？场景 1 | 场景 2 |场景 3,字典/映射 | 队列 | 堆栈,字典/映射 | 堆栈 | 队列,队列 | 字典/映射 | 堆栈,堆栈 | 队列 | 字典/映射,C,high_school_computer_science,computer science
8,为什么用 C、C++ 等语言开发的应用程序容易发生缓冲区溢出？,预定义函数中没有字符串边界检查,外部存储器中没有存储检查,没有处理能力检查,没有数据库检查,A,computer_security,computer science
53,以下哪项最不可能表示网络钓鱼攻击？,银行发来的一封电子邮件要求您拨打卡上的号码以验证交易,商家发来的一封电子邮件要求您单击链接以重置密码,公用事业公司发来的一封电子邮件要求您输入您的出生日期和社会保险号以供验证,一封电子邮件表明您赢得了一大笔钱，并要求您输入您的银行账号，以便将钱转给您,A,high_school_computer_science,computer science
3,数字图像通常由图像中每个像素的红、绿、蓝值（RGB 三元组）表示。摄影师正在处理数字图像并覆盖原始图像。以下哪项描述了数字图像的无损转换？,以可能丢失信息但图像质量只会受到轻微损失的方式压缩图像。,通过平均每个像素中的红色、绿色和蓝色量并将此新值分配给新图像中的相应像素来创建图像的灰度。每个像素的新值代表灰色的阴影，范围从白色到黑色。,通过为每个像素创建新的 RGB 三元组来创建图像的负片，其中每个值都是通过从 255 中减去原始值来计算的。图像的负片与原始图像相反；亮区显示为暗色，颜色反转。,通过获取图片一部分的像素并将其复制到图片另一部分的像素来修改图像的一部分。,C,high_school_computer_science,computer science
30,以下哪一项关于中断的陈述是正确的？,如果存储周期被“窃取”，就会形成中断。,中断可以代替数据通道。,中断可以指示是否已完成 I/O 操作。,算术运算无法形成中断。,C,college_computer_science,computer science
62,"考虑以下数字。
 ° 二进制 1100
 ° 十进制 11
 ° 十六进制 D
 以下哪项按从小到大的顺序列出数字？",二进制 1100、十进制 11、十六进制 D,十进制 11、二进制 1100、十六进制 D,十进制 11、十六进制 D、二进制 1100,十六进制 D、十进制 11、二进制 1100,B,high_school_computer_science,computer science
60,陈述 1| PCA 和谱聚类（例如 Andrew Ng 的）对两个不同的矩阵执行特征分解。但是，这两个矩阵的大小相同。陈述 2| 由于分类是回归的特殊情况，因此逻辑回归是线性回归的特殊情况。,正确，正确,错误，错误,正确，错误,错误，正确,B,machine_learning,computer science
82,"关于使用 IPv4 协议通过网络节点发送的数据报，以下哪一项（或哪几项）陈述是正确的？
I. 源地址的数据报必须是通往目标地址的路径上的所有链路中最小的最大传输单元 (MTU)。
II. 在路由过程中，数据报可能会被分段。
III. 数据报只在目标地址重组。",只有 I,只有 II,只有 III,II 和 III,D,college_computer_science,computer science
73,"两台计算机通过在局域网上发送数据包来实现相互通信。这些数据包的大小为 1,000 字节。网络每秒可传输 1,000 个数据包。CPU 执行网络协议并发出一个数据包需要 10 毫秒。那么，一台计算机向另一台计算机发送数据时的最大速率大约是","10,000 字节/秒","25,000 字节/秒","100,000 字节/秒","500,000 字节/秒",C,college_computer_science,computer science
56,"如果表达式 E 和表达式 F 的变量存在可使这些表达式在词法上完全相同的替换，则 E 和 F 即可称为可统一的表达式。如果在以下三种表达式中，只有 w、x、y 和 z 是变量。
I. f(w,w)
II. f(x,1)
III. f(y,g(z))
那么，在以上表达式对中，哪一对（或多对）属于可统一表达式？","只有 (I, II)","只有 (I, III)","只有 (II, III)","只有 (I, II) 和 (I, III)",D,college_computer_science,computer science
7,陈述 1| 对于连续随机变量 x 及其概率分布函数 p(x)，对于所有 x，0 ≤ p(x) ≤ 1。陈述 2| 决策树是通过最小化信息增益来学习的。,正确，正确,错误，错误,正确，错误,错误，正确,B,machine_learning,computer science
89,"销售鞋类的零售商维护一个数据库，其中包含有关零售商商店中每件待售商品的以下信息的记录。

 ° 商品识别号
 ° 鞋类类型（运动鞋、靴子、凉鞋等）
 ° 售价（美元）
 ° 尺寸
 ° 颜色
 ° 可用数量

 仅使用数据库，可以确定下列哪项？",数据库中列出的哪些商品目前不在商店中,哪些颜色在男性中比女性更受欢迎,哪种鞋类在成年人中最受欢迎,特定月份售出的鞋子总数,A,high_school_computer_science,computer science
11,_ 表示既不能对训练数据进行建模，也不能推广到新数据。,拟合度高,过度拟合,欠拟合,以上皆是,C,machine_learning,computer science
79,特定磁盘单元使用位字符串来记录其磁道的占用和空闲情况，以 O 表示空闲，以 1 表示已占用。该字符串的 32 位段的十六进制值为 D4FE2003。那么，磁盘相应部分已占用磁道的百分比（取最近值）为,12%,25%,38%,44%,D,college_computer_science,computer science
82,给定一个来自心脏病患者的大量医疗记录数据集，尝试了解这些患者是否可能存在不同的群集，我们可以针对这些群集制定单独的治疗方案。这是什么样的学习问题？,监督学习,无监督学习,(a) 和 (b) 都一样,(a) 和 (b) 都不是,B,machine_learning,computer science
9,假设多级目录结构的文件共享是通过目录条目实现的，且目录条目是指向某个节点的链接，而此节点包含某个共享文件的信息。那么，此节点中的信息包含 (1) 文件的所有者，(2) 指向该文件的链接的数量，(3) 此文件的磁盘区数量。此共享方法主要的缺点是什么？,如果所有者修改文件，其他未共享的用户将能够看到相应变更。,如果所有者重命名文件，其他用户将无法访问此文件。,如果所有者有权删除某个文件，可能会导致死链。,如果任何一位共享了文件的用户对此文件进行了增补，则其他共享的用户无法访问新的磁盘区。,C,college_computer_science,computer science
110,我们正在训练具有两个隐藏层的全连接网络来预测房价。输入是 $100$ 维的，并具有几个特征，例如平方英尺数、家庭收入中位数等。第一个隐藏层有 $1000$ 个激活。第二个隐藏层有 $10$ 个激活。输出是一个表示房价的标量。假设一个具有仿射变换的原始网络，没有批量归一化，激活函数中没有可学习的参数，这个网络有多少个参数？,111021,110010,111110,110011,A,machine_learning,computer science
70,"选择分页系统的页面大小时，需要考虑以下哪一项（或哪几项）因素？
I. 大页面的优点是其页表较小。
II. 小页面的优点是可减少内部碎片造成的浪费。
III. 通常情况下，决定磁盘访问时间的主要因素与页面长度无关，因此，使用较长的页面比较方便。",只有 I,只有 II,只有 I 和 III,I、II 和 III,D,college_computer_science,computer science
20,需要编写一种方法来在数组中搜索大于给定项的值并返回其索引。问题规范并未指出如果数组中有多个这样的值，应该返回什么。以下哪种操作最好？,该方法应假设数组中只有一个值大于给定项。,该方法应编写为返回每次出现较大值的索引。,应修改规范以指示如果有多个较大值的索引应该做什么。,应编写方法以在找到多个较大值时输出一条消息。,C,high_school_computer_science,computer science
13,AH 协议提供源身份验证和数据完整性，但不提供,完整性,隐私性,不可否认性,A 和 C,B,computer_security,computer science
61,陈述 1| 斯坦福情绪树库包含电影评论，而不是书评。陈述 2| 宾夕法尼亚树库已用于语言建模。,正确，正确,错误，错误,正确，错误,错误，正确,A,machine_learning,computer science
57,陈述 1| 线性模型的 L2 正则化往往比 L1 正则化使模型更稀疏。陈述 2|残差连接可以在 ResNets 和 Transformers 中找到。,正确，正确,错误，错误,正确，错误,错误，正确,D,machine_learning,computer science
91,以下哪项更适合进行特征选择？,Ridge,Lasso,(a) 和 (b) 都适用,(a) 和 (b) 都不适合,B,machine_learning,computer science
84,Nmap 确定的端口状态有哪些？,活动、非活动、待机,打开、半打开、关闭,打开、过滤、未过滤,活动、关闭、未使用,C,computer_security,computer science
107,下列哪项关于卷积核的说法是正确的？,将图像与 $\begin{bmatrix}1 & 0 & 0\\ 0 & 1 & 0 \\ 0 & 0 & 1 \end{bmatrix}$ 进行卷积不会改变图像,将图像与 $\begin{bmatrix}0 & 0 & 0\\ 0 & 1 & 0 \\ 0 & 0 & 0 \end{bmatrix}$ 进行卷积不会改变图像,将图像与 $\begin{bmatrix}1 & 1 & 1\\ 1 & 1 & 1 \\ 1 & 1 & 1 \end{bmatrix}$ 进行卷积不会改变图像,将图像与 $\begin{bmatrix}0 & 0 & 0\\ 0 & 0 & 0 \\ 0 & 0 & 0 \end{bmatrix}$ 进行卷积不会改变图像,B,machine_learning,computer science
80,__________ 是内存位置的连续段，用于包含一些数据，例如字符串或整数数组。,堆栈,队列,外部存储,缓冲区,D,computer_security,computer science
78,缓存内存的命中率是指在缓存中找到数据的存取（读和写）次数百分比。直写策略是指每次写操作都会更新主内存。回写策略是指在从缓存中清除行之前，对缓存中的行执行写操作不会影响主内存。而写分配策略则是指在写失效时分配并加载缓存行。那么，如果假定始终使用写分配，以下哪一项陈述是正确的？,回写的命中率往往高于直写。,直写的命中率往往高于回写。,对于回写而言，导致主内存操作的写操作占比永远不会大于直写的相应占比。,对于直写而言，导致主内存操作的写操作占比永远不会大于回写的相应占比。,C,college_computer_science,computer science
5,陈述 1| 数据的对数似然将始终通过期望最大化算法的连续迭代而增加。陈述 2| Q 学习的一个缺点是，只有当学习者事先知道其行为如何影响其环境时才能使用它。,正确，正确,错误，错误,正确，错误,错误，正确,B,machine_learning,computer science
84,下列哪项最能描述分布式拒绝服务 (D D o S) 攻击与拒绝服务 (D o S) 攻击的主要区别？,攻击目标,被攻击的计算机数量,发起攻击的计算机数量,攻击发生的时间段,C,high_school_computer_science,computer science
18,对于多项式回归，以下哪一个结构假设最能影响欠拟合和过拟合之间的权衡：,多项式次数,我们是通过矩阵求逆还是梯度下降来学习权重,高斯噪声的假设方差,使用常数项单元输入,A,machine_learning,computer science
10,陈述 1| 2D 平面中所有矩形的集合（包括非轴对齐矩形）可以粉碎一组 5 个点。陈述 2|当 k = 1 时，k-最近邻分类器的 VC 维数为无穷大。,正确，正确,错误，错误,正确，错误,错误，正确,A,machine_learning,computer science
26,当 STP 解算器对特定路径的约束查询超时时，EXE 会做什么？,假设查询是可满足的，并继续执行该路径。,假设查询不可满足，并停止执行该路径,重新启动 STP 并重试查询，重试次数有限。,移除约束的子集并重试查询。,B,computer_security,computer science
15,"对于所有字符串 x，函数 x^M 的递归定义如下。
e^M= e，且
如果 w 是字符串，且 a 是长度为 1 的字符串，那么 
(aw)^M = aw^Ma。
假设 a 是长度为 1 的字符串，而 x 和 y 则是任意字符串，那么，以下哪一项是正确的？",a^M = a,(ax)^M = (xa)^M,(xy)^M = y^Mx^M,以上都不是,D,college_computer_science,computer science
56,陈述 1| 支持向量机构建的最大边距决策边界在所有线性分类器中具有最低的泛化误差。陈述 2| 我们从具有类条件高斯分布的生成模型中获得的任何决策边界原则上都可以用 SVM 和次数小于或等于三的多项式核来重现。,正确，正确,错误，错误,正确，错误,错误，正确,D,machine_learning,computer science
0,访问矩阵保护方法的问题在于,直接保存的矩阵较大，不便管理,无法表示复杂的保护要求,无法判定某个流程能否访问某项资源,无法表示何人有权更改访问矩阵本身,A,college_computer_science,computer science
81,WPA 使用哪种加密形式？,共享密钥,LEAP,TKIP,AES,C,computer_security,computer science
35,以下哪句话关于回归的说法是错误的？,它将输入与输出联系起来。,它用于预测。,它可用于解释。,它发现因果关系,D,machine_learning,computer science
44,以下哪项关于 Python 的说法是正确的？,它支持自动垃圾收集。,它可以轻松地与 C、C++、COM、ActiveX、CORBA 和 Java 集成。,以上两者。,以上都不是。,C,high_school_computer_science,computer science
37,陈述 1| 核密度估计器相当于在原始数据集中的每个点 Xi 处执行值为 Yi = 1/n 的核回归。陈述 2| 学习决策树的深度可以大于用于创建树的训练示例的数量。,正确，正确,错误，错误,正确，错误,错误，正确,B,machine_learning,computer science
54,下列哪项只能在训练数据线性可分时使用？,线性硬边距 SVM。,线性逻辑回归。,线性软边距 SVM。,质心法。,A,machine_learning,computer science
72,以下哪一对 8 位二补码数字相加时会溢出？,11111111 和 00000001,00000001 和 10000000,11111111 和 10000001,10000001 和 10101010,D,college_computer_science,computer science
90,"数组 A 包含 256 个元素，每个元素有 4 个字节。第一个元素存储在物理地址 4,096 之处。
数组 B 包含 512 个元素，每个元素有 4 个字节。第一个元素存储在物理地址 8,192 之处。
假设只有数组 A 和数组 B 可以缓存在一个初始为空、物理编址、物理标记且直接映射的 2K 字节缓存中，且该缓存区的块大小为 8 字节。然后执行以下循环。
for (i = 0; i < 256; i++)
    A[i] = A[i] + B[2*i];
那么，在执行循环期间，如果缓存采用直写策略，将有多少字节被写入内存？",0,256,1024,2048,C,college_computer_science,computer science
14,以下哪项不是安全漏洞？,窃听,跨站点脚本,身份验证,SQL 注入,C,computer_security,computer science
94,"假设 M 是一个确定型单带图灵机，其带字符表为 {blank,0,1}，而 C 则表示对 M 的计算过程（可能是无限的），从空白带开始。以下每个问题的输入都是 M 和一个正整数 n。那么，以下哪一个（或哪几个）问题是可以确定的？
I. 计算过程 C 至少持续 n 步。
II. 计算过程 C 至少持续 n 步，且 M 在第 n 步之后的某一刻打印出一个 1。
III. 在计算过程 C 中，M 至少扫描 n 个不同的带方格。",都不是,只有 III,只有 I 和 II,只有 I 和 III,D,college_computer_science,computer science
6,分配效率,意味着不会生产劣质产品。,意味着经济产出的平均分配。,意味着最努力工作的人会得到更多。,意味着资源被用来生产社会所需的商品和服务，而且数量恰到好处。,D,high_school_macroeconomics,economics
82,使用 AD 和 AS 模型，如果增加消费支出 (C)，实际 GDP、价格水平和失业率在短期内会发生什么变化？实际 GDP     价格水平     失业率,上升     降低     降低,降低     上升     上升,上升     上升     降低,降低     降低     降低,C,high_school_macroeconomics,economics
222,如果预计未来价格上涨的速度会更慢，则,菲利普斯曲线将向右移动。,实际通货膨胀率就会上升。,实际通货膨胀率将保持稳定，除非出现供应冲击。,这些预期就会成为现实,D,high_school_macroeconomics,economics
78,下列哪一种商品可能同时提供最大的总效用和最小的边际效用？,塑料,汽车,电脑,空气,D,high_school_microeconomics,economics
281,如果当前的实际 GDP 为 5000 美元，而充分就业的实际 GDP 为 4000 美元，那么以下哪种政策组合最有可能使经济达到这一水平？,减少税收和降低贴现率,增加政府开支和增加税收,减少税收和在公开市场上出售债券,增加政府支出和提高贴现率,A,high_school_macroeconomics,economics
93,从长期看，与完全竞争相比，垄断,为消费者提供更多的产品选择。,有更多效率。,有更低的价格。,价格大于边际收入。,D,high_school_microeconomics,economics
76,"若两个变量 $x_t$ 和 $y_t$ 是协整的，则以下哪些陈述是正确的？

i) $x_t$ 和 $y_t$ 一定都是平稳的


ii) 仅 $x_t$ 和 $y_t$ 的一个线性组合是平稳的


iii) $x_t$ 和 $y_t$ 的协整方程描述两个系列之间的短期关系




iv) $y_t$ 对 $x_t$ 的回归残差必须是平稳的",仅 (ii) 和 (iv),仅 (i) 和 (iii),仅 (i)、(ii) 和 (iii),(i)、(ii)、(iii) 和 (iv),A,econometrics,economics
135,价格歧视性垄断不同于非歧视性垄断，因为歧视性垄断,需求曲线比非歧视性垄断更具弹性,赚取的收入少于非歧视性垄断赚,赚取的收入多于非歧视性垄断赚,产出将少于非歧视性垄断,C,high_school_microeconomics,economics
363,以下哪项仅包含可弥补通胀缺口的政策？,增加货币供应量；出现联邦预算赤字。,减少货币供应量；出现联邦预算赤字。,减少货币供应量；增加税收；减少政府开支。,增加货币供应量；增加税收；减少政府开支。,C,high_school_macroeconomics,economics
267,GDP 由谁每隔多长时间计算一次？,经济分析局；每个季度,经济分析局；每周,经济分析局；每月,劳工统计局；每月,A,high_school_macroeconomics,economics
302,当……时，扩张性财政政策的挤出效应相对较强。,扩张性货币政策与财政政策同时实施,投资需求曲线缺乏弹性,政府支出改善了企业的利润预期,投资需求曲线具有弹性,D,high_school_macroeconomics,economics
215,贸易顺差可能是……的结果。,宽松货币政策,外国人不喜欢该国产品,该国货币升值,收入水平相对于其他国家较低,D,high_school_macroeconomics,economics
234,美国用鲑鱼与秘鲁交换凤尾鱼。如果这些国家是基于相对机会成本进行贸易的，那么情况会怎样呢？,美国在凤尾鱼生产方面具有比较优势，秘鲁在鲑鱼生产方面具有比较优势。,美国在鲑鱼生产方面具有比较优势，秘鲁在凤尾鱼生产方面具有比较优势。,美国在凤尾鱼生产方面具有绝对优势，秘鲁在鲑鱼生产方面具有绝对优势。,美国在鲑鱼生产方面具有绝对优势，秘鲁在凤尾鱼生产方面具有绝对优势。,B,high_school_microeconomics,economics
290,以下哪项等于 1？,长期总供给曲线的弹性,支出（或开支）乘数,货币（或银行）乘数,平衡预算乘数,D,high_school_macroeconomics,economics
34,如果总供给曲线向左移动，均衡价格水平和均衡产出量会发生什么变化？假设总供给曲线向上倾斜。,均衡价格水平上升，而均衡产出量下降。,均衡价格水平下降，而均衡产出量上升。,均衡价格水平和均衡产出量均上升。,均衡价格水平和均衡产出量均下降。,A,high_school_macroeconomics,economics
247,政府购买导致利率上升，从而使实际投资减少，这通常被称为,“挤出”效应。,零政策效果。,拉弗效应。,财政失败。,A,high_school_macroeconomics,economics
81,"研究人员在以下回归模型中检验结构稳定性：

$y_t = \beta_1 + \beta_2 x_{2t} + \beta_3 x_{3t} + u_t$

对于子样本回归，200 个观测值的总样本正好分成两半。则哪个是不受限制的残差平方和？",整个样本的 RSS,第一个子样本的 RSS,第二个子样本的 RSS,第一个子样本和第二个子样本的 RSS 之和,D,econometrics,economics
50,以下哪项是滞胀的结果？,失业率下降,价格水平下降,总供给曲线向右移动,菲利普斯曲线向右移动,D,high_school_macroeconomics,economics
101,下列哪一项陈述最好地描述了 II 型错误？,它是错误地拒绝零假设的概率,它相当于检验的效力,它相当于检验的大小,它是拒绝错误零假设失败的概率,D,econometrics,economics
39,若序列 y 遵循带漂移 b 的随机游走，则对 y 变化的最优领先一步预测是什么？,y 的当前值,零,一,y 变化在样本内周期内的平均值,D,econometrics,economics
71,市场中快餐业工人的最低工资可能会导致,对快餐工人的需求增加。,快餐工人的供应减少。,快餐工人短缺。,快餐工人过剩。,D,high_school_microeconomics,economics
228,当产品质量提高时，CPI 就会,自动上涨。,自动下降。,变为负值。,高估通货膨胀率。,D,high_school_macroeconomics,economics
136,以下哪项最能描述长期的 AS 曲线？,从长期来看总是呈垂直。,总是向上倾斜，因为它遵循供给定律。,总是呈水平。,总是向下倾斜。,A,high_school_macroeconomics,economics
342,根据古典经济学分析，从长期来看，货币供应量的增加会导致,产出量成比例地增加。,滞胀。,实际利率提高。,价格水平成比例地上升。,D,high_school_macroeconomics,economics
139,你在杂货店支付的销售税通常被标记为,累进税。,递减税。,比例税。,消费税。,B,high_school_microeconomics,economics
331,如果总需求曲线向右移动，均衡价格水平和均衡产出量会发生什么变化？假设总供给曲线为古典曲线。,均衡价格水平上升，而均衡产出量下降。,均衡价格水平下降，而均衡产出量上升。,均衡价格水平和均衡产出量均上升。,均衡价格水平上升，而均衡产出量保持不变。,D,high_school_macroeconomics,economics
98,根据凯恩斯经济理论，,美国联邦储备委员会 (FED) 不应采取货币政策。,货币供应量的变化会产生重大影响。,财政政策是使总需求曲线移动的首选方法。,美国联邦储备委员会 (FED) 应允许货币供应量以恒定的速度增长。,C,high_school_macroeconomics,economics
177,如果……，部分准备金银行制度创造货币的能力就会减弱。,借款家庭将全部贷款金额转存回银行,银行持有超额准备金,银行将多余的准备金全部借给借款客户,家庭增加在银行的支票存款,B,high_school_macroeconomics,economics
333,以下哪位可以被视为失业人员？ I. 辞职另谋高就的 Mary。 II. 45 岁退休，实现了自己梦想的 John。III. 做着兼职工作但希望从事全职工作的 Diane。,仅 I,仅 II,只有 III,I 和 III,A,high_school_macroeconomics,economics
173,以下哪一种商品的需求曲线可能最有弹性？,对白色福特厢式旅行车的需求,对汽车的需求,对福特汽车的需求,对美国制造汽车的需求,A,high_school_microeconomics,economics
77,一个因变量的值在一定范围外是不可观测的，但自变量的相应值仍然是可用的，则最准确地描述为哪种变量？,删失,截断,多项变量,离散选择,A,econometrics,economics
84,一位美国人购买了一套在中国生产的娱乐系统。那么美国国民收入账户将如何处理这笔交易？,净出口和 GDP 均增加。,净出口和 GDP 均减少。,净出口与 GDP 的走向相反。,净出口减少，GDP 不变。,B,high_school_macroeconomics,economics
180,国债增加对美元市场以及美元相对于其他货币的价值有何影响？美元市场     美元价值,需求增加     升值,供给增加     升值,供给减少     贬值,需求减少     贬值,A,high_school_macroeconomics,economics
322,Ceteris paribus,是希腊语，意思是“永不改变”。,的意思是任何事情都可能随时发生变化。,是拉丁语，意思是“其他一切保持不变”。,的意思是“当处于平衡状态时”。,C,high_school_macroeconomics,economics
78,Hausman 测试将用于,确定作为同步系统一部分的方程是否被识别,确定特定变量是否需要同步框架,确定 2SLS 或 ILS 是最优的,确定结构形式方程是否可以通过简化形式的替换得到,B,econometrics,economics
66,若对包含 4 个变量的系统应用 2 个协整向量的零假设的 Johansen“跟踪”检验，则在检验中使用哪些特征值？,全部,最大的 2,最小的 2,第二大,C,econometrics,economics
255,根据凯恩斯主义分析，大萧条是由……造成的。,支出不足,边际消费倾向的急剧上升,过多投资,外国对经济的影响过大,A,high_school_macroeconomics,economics
67,如果货币供应量增加，那么货币市场会发生什么情况（假设货币需求曲线向下倾斜）？,名义利率上升。,名义利率下降。,名义利率没有变化。,货币的交易需求下降。,B,high_school_macroeconomics,economics
365,根据货币主义理论，,联邦储备委员会 (FED) 应积极采取货币政策。,货币供应量的变化不会产生重大影响。,财政政策是使总需求曲线移动的首选方法。,美国联邦储备委员会 (FED) 应允许货币供应量以恒定的速度增长。,D,high_school_macroeconomics,economics
33,下列哪一个因素可能导致相对较高的样本外预测准确度？,一个基于金融理论的模型,包含许多变量的模型,因变量最近表现出结构变化的模型,完全是统计性质的模型，没有预测判断性修正的余地,A,econometrics,economics
112,相对自由或容易进入（低或不存在进入壁垒）与以下哪项最匹配？,更多的消费者选择，更大的需求价格弹性，更多的竞争者。,更多的消费者选择，更低的需求价格弹性，更多的竞争者。,更多的消费者选择，更大的需求价格弹性，更少的竞争对手。,更少的消费者选择，更低的需求价格弹性，更少的竞争者。,A,high_school_microeconomics,economics
246,紧缩性货币政策会使名义利率、总需求、产出和价格水平发生什么变化？名义利率     总需求     产出     价格水平,下降     上升     上升     上升,下降     下降     下降     上升,上升     下降     下降     上升,上升     下降     下降     下降,D,high_school_macroeconomics,economics
224,劳动需求曲线源自,市场劳动需求曲线,劳动生产的产出的需求曲线,企业的劳动供给曲线,劳动市场的均衡工资,B,high_school_microeconomics,economics
118,如果劳动总产量正在以越来越快的速度增长，,劳动边际产量在上升。,劳动边际产量处于最小值。,劳动边际产量处于最大值。,边际成本正在上升。,A,high_school_microeconomics,economics
106,货币主义者认为，V 和 Q 是,不变的。,稳定的。,可变的。,对于理解货币如何影响经济并不重要。,B,high_school_macroeconomics,economics
167,下列哪一项代表了企业的垄断定价或市场支配力的度量，即指数的值越大，企业的市场定价能力越大？,(MC-P)/MC,(MC-P)/P,(P-MC)/P,(P-MC)/MC,C,high_school_microeconomics,economics
15,Ray 和 Dorothy 都会做饭，并且也都可以在星期六下午在花园里拔草。对于做饭的每一个小时，Ray 可以拔 50 根草，Dorothy 可以拔 100 根草。基于这些信息，,Ray 拔草，因为他在做饭方面有绝对优势。,Dorothy 拔草，因为她在做饭方面有绝对优势。,Dorothy 做饭，因为她在做饭方面有比较优势。,Ray 做饭，因为他在做饭方面有比较优势。,D,high_school_microeconomics,economics
10,"在下列哪种情况下，自助抽样法优于纯模拟？

i) 若希望实验数据的分布特性

与某些实际数据的分布特性相同


ii) 若希望确切地知道实验中

数据的分布特性


iii) 若实际数据的分布特性未知


iv) 若可用的实际数据样本非常小",仅 (ii) 和 (iv),仅 (i) 和 (iii),仅 (i)、(ii) 和 (iv),仅 (i)、(ii)、(iii) 和 (iv),B,econometrics,economics
230,假设实际 GDP 增加。我们可以毫无疑问地得出,价格上涨的结论。,就业率提高的结论。,生产力提高的结论。,价格和/或产出提高的结论。,C,high_school_macroeconomics,economics
65,房子的价格最好用哪种数字来描述？,离散,基数,序数,标称数,B,econometrics,economics
104,性别差距可能与男性/女性在以下方面的差异有关,荷尔蒙,危险行为和职业,吸烟比例,以上皆是,D,human_aging,health
138,一名以前健康的 27 岁男性发现阴茎上有三个无触痛的病变，4 周后他去看医生。他说这些病变大小没有变化。他与多个男性和女性伴侣有性行为，并且不定期使用避孕套。他不服用任何药物。社交场合他会喝两到五瓶啤酒。他偶尔吸食大麻。他的体温是 36.9°C (98.4°F)。无淋巴结病变。检查显示阴茎中轴有三个直径 10 毫米的无蒂、肉色病变。在稀释的醋酸溶液作用下，病变变白。其余检查未见异常。下列哪种后续治疗措施最合适？,口服阿昔洛韦治疗,口服多西环素治疗,青霉素肌内注射治疗,冷冻疗法,D,professional_medicine,health
88,在欧洲，哪些药物获批上市用于治疗肥胖？,奥利司他,芬特明/托吡酯,Lorcaserin,纳曲酮/安非他酮,A,nutrition,health
34,接手照顾生命只剩 6 个月或不到 6 个月的人，试图让他们待在家里，为他们提供止痛药，并终止所有延长生命的手段，这样的计划被称为,安乐死,冷冻疗法,医疗保险,临终关怀,D,human_aging,health
192,一名 33 岁的女性因为轻度恶心、尿频尿急和便秘两天而来就诊。她还在过去两周内体重减轻了 4.5 千克（10 磅）并有 3 周的阴道出血史。盆腔检查显示宫颈结节，后唇不规则且易碎，以及一个坚硬、不规则、固定的盆腔肿块，横跨骨盆。宫颈和阴道前壁活检标本检查显示分化良好的角化鳞状细胞癌。下列哪项最能描述该患者疾病的发病机制？,p53 基因失活,病毒启动子插入到细胞生长因子基因旁,特殊转导,TAX 对细胞生长因子基因的反式激活,A,professional_medicine,health
137,未得到治疗的龋齿估计全球患病率是多少？,20%,40%,60%,80%,B,nutrition,health
111,组装是病毒复制的重要后期阶段，通常需要下列哪项完成该阶段？,使用细胞核和细胞质中的细胞支架,夺取细胞的脂质和膜,病毒基因组中嵌入的总体计划,细胞和病毒蛋白之间的随机相互作用,A,virology,health
109,一位 55 岁男性因为持续两周出现的复发性广泛水泡形成而前往医生处。体检显示病变多见于弯曲部位，包括腋窝和腹股沟。水泡不容易破裂，没有口腔病变。这些水泡最有可能是下列哪种物质粘附失败引起的？,基底膜,真皮乳头,朗格汉斯细胞,黑素细胞,A,professional_medicine,health
37,一位 37 岁的艾滋病 (AIDS) 女性患者因有 1 个月的进展性腹泻和 1.8 公斤（4 磅）体重减轻来就诊。过去一周，她每天排出六次大量稀便。她目前正在接受三联抗逆转录病毒治疗。她是一名空姐，定期在美国国内航班工作。她每月飞往亚洲至少一次。她身高 163 厘米（5 英尺 4 英寸），体重 59 公斤（130 磅）；BMI 是 22 kg/m²。患者体温 37°C（98.6°F），脉搏 88 次/分钟，血压 112/64 mm Hg。腹部平坦。其余检查无异常。CD4+ T 淋巴细胞计数为 400/mm³（正常值≥500）。下列哪种是最可能的致病微生物？,隐孢子虫,巨细胞病毒,鸟-胞内分枝杆菌复合体,肠炎沙门氏菌,A,professional_medicine,health
136,关于手臂反射的评估，下列哪项是正确的？,肱二头肌反射的根值是 C5、C6,若轻拍肌腱时没有反射，则记录为缺失,肱三头肌腱在肘前窝受到撞击,手指剧烈抽搐证实下运动神经元损伤,A,clinical_knowledge,health
64,如果男性运动员在训练期间的平均耗氧率为 2 l/min，则他的能量消耗率大概是：,400 kJ/min。,200 kJ/min。,80 kJ/min。,40 kJ/min。,D,college_medicine,health
112,HIV 传播给婴儿最大单一决定因素是：,母亲的年龄,母亲的病毒载量,母亲的免疫状态,父亲的病毒载量,B,virology,health
156,关于评价人类营养中蛋白质质量的方法，以下哪种说法是正确的？,大鼠蛋白质功效比值试验 (PER) 是评估人类营养蛋白质质量的良好方法。,大鼠净蛋白利用试验 (NPU) 是评估人类营养蛋白质质量的最佳方法。,动物生长试验低估了作为人类营养的饮食蛋白质质量,发育中的大鼠是评价人类营养中蛋白质质量的良好模型。,C,nutrition,health
135,双盲研究的目的是：,实现治疗和未治疗受试者的可比性,降低抽样变异的影响,避免观察者和受试者偏倚,避免观察者偏倚以及抽样变异,B,virology,health
119,客观人格测验的一个例子是,主题统觉测验 (TAT),明尼苏达多相人格测验 (MMPI),罗夏墨迹测验,麦克亚当斯水平测验,B,human_aging,health
62,顺利跑完马拉松的关键要素是：,优势。,体能。,步幅长度。,耐力。,D,college_medicine,health
83,下列哪项被认为与多次冲刺活动中外周肌疲劳的发展有关？,无机磷酸盐的积累。,肌肉中高渗透压的发展。,过量的抗氧化物。,缺钾。,A,college_medicine,health
122,下列哪项正确？,每天每公斤体重增加 3 克以上的蛋白质摄入量会刺激肌肉生长，增加力量。,肌酸补充剂可以增加肌肉的强度和力量。,氨基酸补充剂可以增加肌肉的强度和力量。,肌肉损伤是由缩短收缩引起的。,B,college_medicine,health
182,如果一名健康女性的平均每日总能量摄入量为 9279 kJ，粪便和尿液的能量含量分别为 647 kJ 和 318 kJ。那么其平均每日可消化能量摄入量和可代谢能量摄入量分别为：,647 kJ 和 318 kJ,9279-318 kJ 和 9279-647 kJ,9279 + 318 kJ 和 9279 + 647 kJ,9279-647 kJ 和 9279- (647 + 318) kJ,D,nutrition,health
17,对同居老年人的调查表明，他们倾向于将同居视为,迈向最终婚姻的第一步,婚姻的替代品,节省开支的一种方式,他们的绝唱,B,human_aging,health
148,根据依恋理论，在心理学研究过程中，下列哪种儿童最有可能依附于一名之前不认识的男性心理学家?,在安全、稳定环境中长大的两个月大女婴。,在安全、稳定环境中长大的五个月大男婴。,由一名经常忽视他的照护者抚养的八个月大男婴。,由两名偶尔忽视她的照护者抚养的十三个月大女婴。,A,college_medicine,health
106,晚年神经质的增加可有力地预测______,死亡率,社会支持的丧失,认知能力下降,独立性,A,human_aging,health
232,严格素食母亲所生的婴儿的哪种营养素缺乏的风险会增加？,维生素 C,叶酸,维生素 B12,钙,C,nutrition,health
248,一名 72 岁的女性，过去 38 年每天吸烟 20 支，开始使用眼药水治疗青光眼。三天后，她在上楼梯时气短明显加重。下列哪种药物最有可能导致该患者出现气短？,阿拉可乐定,肾上腺素,拉坦前列素,噻吗洛尔,D,professional_medicine,health
38,投射测验一般比客观人格测验____。,可靠性更高,更直观,更有效,提供更多信息,B,human_aging,health
185,正在进行一项研究，以评估造船厂工人中的间皮瘤。一家大型造船厂提供了过去 50 年中所有员工接触石棉的记录。工人的健康保险公司提供的索赔数据记录了当前工人及退休人员的所有胸部 X 光片和间皮瘤的诊断。研究招募了被诊断为间皮瘤的造船厂工人和未被诊断为间皮瘤的造船厂工人。研究中的所有受试者都必须进行胸部 X 光检查。要选择一个进行过胸部 X 光检查的对照组，下列哪个理由最好？,解决混杂变量,证明因果关系,尽量减少评估偏倚,减少回忆偏倚,C,professional_medicine,health
85,丙酮酸脱氢酶复合物：,位于肌质中。,催化丙酮酸转化为乙酰辅酶 A。,催化丙酮酸转化为乳酸。,催化乳酸转化为丙酮酸。,B,college_medicine,health
16,DNA 转录为信使 RNA 分子的过程发生在：,核糖体上。,细胞质中。,细胞核中。,仅细胞分裂期间。,C,college_medicine,health
85,______是一组可观察到的特征的，是遗传和环境影响的总和。,基因型,表现型,基因型和表现型,既非基因型也非表现型,B,medical_genetics,health
70,提供 TMJ 位置信息的本体感受器主要集中于,TMJ 的关节囊和韧带以及翼内肌。,TMJ 的关节囊和韧带以及翼外肌。,TMJ 的关节盘以及翼内肌。,TMJ 的关节盘以及翼外肌。,B,anatomy,health
186,在从事过桥梁工作的人中，有多大比例的人认为桥梁工作比他们的职业工作更好？,不到 25%,不到 50%,超过 50%,超过 75%,C,human_aging,health
68,在左心室收缩之间，血液继续在血管中流动，因为：,心房在收缩。,血管收缩了。,右心室放松。,动脉有弹性后坐力。,D,clinical_knowledge,health
153,在过去的二十年期间，随着流行病学研究发现显示早期经历和后期健康之间的联系，学界对孕妇营养的关注度也增加。以下哪种说法是正确的：,尽管生命早期因素似乎很重要，但与心血管疾病和 2 型糖尿病风险的联系多可用成人生活方式来解释,仅有英国研究观察到早期经历和后期健康之间存在联系,流行病学证据显示，生理程序化差异仅与出生前事件相关,流行病学证据显示，生理程序化差异与出生前和出生后早期事件相关,D,nutrition,health
226,在一个完整的三羧酸循环（Krebs 循环）中形成多少 CO2 和 ATP 分子？,2CO2 和 2ATP,2CO2 和 16ATP,2CO2 和 12ATP,2CO2 和 1ATP,D,clinical_knowledge,health
210,一名 47 岁的男子在突然发生严重的枕部头痛和颈部僵硬后 12 小时来看医生。他没有其他症状，也没有严重头痛的病史。他有高血压和胃食管反流病。目前正在服用氢氯噻嗪和雷尼替丁。他能分辨人、地点和时间。体温为 36.7°C（98.1°F），脉搏为 100 次/分，血压为 160/90 mm Hg。颈部因疼痛活动范围减少。神经系统检查未见局灶性异常。下列哪项是最可能的诊断？,丛集性头痛,脑膜炎,偏头痛,蛛网膜下腔出血,D,professional_medicine,health
47,乳头瘤病毒会引起疣和癌症，其感染人类的最常见途径是什么？,通过水传播,通过空气传播,通过划伤或破损的皮肤,属于院内感染，在医院内传播,C,virology,health
151,即使是少量的睡眠剥夺似乎也会,增加体重,提高睡眠质量,扰乱第二天的注意力,增加易怒性,B,human_aging,health
140,下列哪一项不是管制药物？,30 毫克安瓿注射用磷酸可待因。,一个吗啡缓释片。,12.5 微克芬太尼贴片。,一瓶 500 毫升的吗啡，10 毫克，5 毫升口服混悬液。,D,clinical_knowledge,health
29,关于房室束，下列哪项陈述是正确的？,由自主神经细胞突构成，是心房和心室之间的唯一电连接通路。,由浦肯野纤维构成，是心房和心室之间的唯一电连接通路,由自主神经细胞突构成，是心房和心室之间的电连接通路之一。,由浦肯野纤维构成，是心房和心室之间的电连接通路之一。,B,anatomy,health
68,一名患有活动性强直性脊柱炎的 46 岁女性来办公室进行随访检查。使用各种常规的非甾体抗炎药无效。柳氮磺胺吡啶治疗也没有改善。最合适的后续治疗是使用一种抑制下列哪种物质的药物？,细胞毒性 T 淋巴细胞抗原 4,表皮生长因子,白细胞介素-1（IL-1）,肿瘤坏死因子α,D,professional_medicine,health
154,基因掺杂(gene doping)这个词是指：,利用药物来改变基因转录。,利用基因操纵技术来提高运动成绩。,通过激活或抑制基因来掩盖运动员服用药物。,使用药物修饰肌肉抑制生长基因。,B,clinical_knowledge,health
27,关于转氨作用，以下哪种说法是正确的？,只有非必需（可有可无）氨基酸发生转氨作用。,转氨作用是氨基酸分解代谢过程中的不可逆性反应。,转氨酶需要来源于维生素 B12 的辅酶。,转氨酶需要来源于维生素 B6 的辅酶。,D,nutrition,health
170,下列哪种陈述是错误的？,磷酸果糖激酶是糖酵解的限速酶。,II 型纤维的磷酸化酶活性高于 I 型纤维。,耐力训练增加肌肉中 TCA 循环酶的数量。,氧在 TCA 循环中被消耗。,D,college_medicine,health
30,下列哪项术语描述的是前臂向身体弯曲的运动？,外展,外翻,屈曲,旋前,C,anatomy,health
204,对于周围神经病变，以下哪项是正确的？,袜子分布证实的感觉缺失,双腿两侧的紧实度增加,强化后的反射非常快,肌无力近端比远端更明显,A,clinical_knowledge,health
262,一名 52 岁的女性来看诊，主诉左乳头有绿色分泌物。没有外伤或发热史，患者目前未使用口服避孕药，也未进行激素替代疗法。她上次怀孕大约是在 20 年前。体检正常，只有乳头有绿色分泌物。此患者的症状最可能的原因是,乳腺癌,纤维囊性疾病,乳腺管扩张症,垂体腺瘤,C,professional_medicine,health
129,一名摔跤手为了迎接十二月的比赛，计划在两个月内减重 30 磅。下列哪种方法不是限制热量摄入的好方法？,在健康果昔店而不是咖啡店学习。,每周六达成热量目标后奖励自己一顿美味的饭菜。,吃高热量零食时用橡皮筋弹自己。,将零食藏在家里看不到的地方。,D,college_medicine,health
93,"桑拿有时称为“桑拿浴”，其特点是短期被动暴露在极端高温下。这种暴露会引起轻度的体温过高（即体内核心温度的升高），从而引发包括神经内分泌、心血管和细胞保护机制在内的温度调节反应，这些机制共同作用以恢复体内平衡并使身体对未来的热应激进行调节……近几十年来，基于来自观察、介入和机制研究的有力数据，桑拿浴已成为一种增加寿命和改善整体健康的手段。特别值得关注的是对库奥皮奥缺血性心脏病危险因素研究 (KIHD) 参与者的研究结果，这是一项正在进行的针对健康结局的基于人群前瞻性队列研究，涉及来自芬兰东部的 2300 多名中年男性，结果发现桑拿与死亡和疾病的减少之间存在紧密联系……KIHD 研究发现，每周蒸桑拿两至三次的男性因心血管相关原因死亡的可能性比不蒸桑拿的男性低 27%。[2] 此外，研究发现他们所获得的益处具有剂量依赖性：每周蒸桑拿约四至七次的男性，获得的益处约为两倍——因心血管相关原因死亡的可能性减少了 50%。[2]此外，频繁蒸桑拿的人员因各种原因过早死亡的可能性减少了 40%。即使考虑到年龄、活动水平和可能影响男性健康的生活方式因素，这些结果依然成立……KIHD 还表明，频繁蒸桑拿能剂量依赖性地降低患痴呆症和阿尔茨海默病的风险。与每周仅用一次桑拿的男性相比，每周蒸桑拿两至三次的男性患痴呆症的风险降低了 66%，患阿尔茨海默病的风险降低了 65%……与蒸桑拿相关的健康益处还扩展到心理健康的其他方面。无论饮食习惯、社会经济地位、体育活动和炎症状态如何，参与 KIHD 研究的每周蒸桑拿四至七次的男性患精神障碍的可能性降低了 77%（通过C反应蛋白测量）……暴露于高温会给身体带来应激，诱发快速而强烈的反应。皮肤和核心体温显著上升，并开始出汗。皮肤首先升温，升至 40°C（104°F），然后核心体温发生变化，缓慢升高从 37°C（98.6°F, 或正常温度）到 38°C（100.4°F），然后迅速升至 39°C（102.2°F）……心输出量（即衡量心脏根据身体需氧量所执行工作的量）增加了 60% 到 70%，而心率（每分钟的心跳次数）增加，心搏出量（泵送的血量）保持不变。[5]在此期间，身体约 50% 到 70% 的血流量从核心重新分配到皮肤以促进出汗。普通人蒸桑拿时失去大约 0.5 公斤的汗水。[11]急性热暴露还会引起整体血浆容量的短暂增加，以减轻核心血容量的减少。血浆容量的增加不仅为出汗提供了储备液源，还像汽车散热器中的水一样，冷却身体以防止核心体温快速升高并促进耐热性……反复蒸桑拿使身体适应热量，并优化身体对未来接触热量的反应，这可能是由于一种称作顺势疗法的生物现象，即暴露于轻度应激后产生的与应激强度不成比例的补偿性防御反应。顺势疗法触发了大量保护机制，这些机制不仅能修复细胞损伤，还能在随后暴露于更具破坏性的应激时提供保护……蒸桑拿的生理反应与中至高强度运动期间的生理反应非常相似。实际上，蒸桑拿已被提出作为因慢性病或身体限制无法从事体育活动的人员的替代方案。[13]

下列哪段可能是本文章节选之后的段落？",关于一种在对热反应中促进细胞内功能的蛋白质的段落。,关于爱斯基摩人心脏病发作增加的段落。,关于芬兰水球队杰出表现回顾的段落。,关于暴露在高温下老鼠研究的段落。,A,college_medicine,health
116,下列哪项与呼吸功的增加无关？,呼吸频率上升。,呼吸作响。,增加使用辅助呼吸肌。,呼吸频率为每分钟 16 次。,D,clinical_knowledge,health
207,以下哪一种推荐用于清洁口腔？,过氧化氢。,水。,柠檬和甘油拭子。,生理盐水。,B,clinical_knowledge,health
157,哪个最能描述巨石阵？,巨石纪念碑,哈拉菲纪念中心,查文仪式纪念碑,美索不达米亚纪念碑,A,prehistory,history
94,"本问题涉及以下信息。
“就像世界上任何其他种族一样，我们是人；我们有灵魂，我们有激情，我们有感觉，我们有希望，我们有欲望。今天全世界都在呼喊：加拿大为加拿大人呐喊，美国为美国人呐喊，英国为英国人呐喊，法国为法国人呐喊，德国为德国人呐喊——你认为我们这些世界上的黑人，让非洲为非裔呐喊是不合理的吗？”
——马库斯·加维，1920 年
这段话最好被理解为",支持限制移民进入美国的论点。,试图团结工人阶级的非裔美国人和白人男女。,黑人民族主义的表达。,为促进非裔美国人在工业上的进步而设计的小册子。,C,high_school_us_history,history
223,世界上最早的文明是在哪里产生的？,中国东部,克里特岛,埃及,美索不达米亚,D,prehistory,history
77,"本问题涉及以下信息。
“德意志帝国政府和苏维埃社会主义共和国联盟政府基于加强德国与苏联之间和平事业的意愿，并从 1926 年 4 月德国与苏联之间达成的中立协议之基础条款出发，达成了以下协议：
第一条 缔约双方有义务拒绝以单独行动或与其他势力合作之形式对另一缔约方实施任何暴力行为、侵略行动及一切互相攻击的行为。
第二条 若任一缔约方成为第三方势力的交战对象，则另一缔约方不得向该第三方提供任何支持。
第三条 缔约双方政府今后应继续保持联系，以便经协商就影响双方共同利益的问题交换信息。
第四条 若缔约双方之间发生争议或冲突，任一缔约方均不得加入任何直接或间接针对另一方的任何势力集团。
第五条 若缔约双方就各种问题发生争议或冲突，双方应仅通过友好交换意见的形式，或在必要时以设立仲裁委员会的形式解决这些争议或冲突。”
《苏德互不侵犯条约》，1939年
正文中描述的协议最类似于",《三国协约》（1907 年）,《赛克斯-皮科协定》（1916 年）,《拉特兰条约》（1929 年）,《慕尼黑协定》（1938 年）,A,high_school_european_history,history
48,"本问题涉及以下信息。
“今天，这个国家一半的人完全无力从成文法上抹去一部不公正的法律，或在成文法上制定一部新的公正的法律。女性们对这种政府形式十分不满，因为这种政府在没有代表的情况下强征赋税，强迫她们服从她们从未同意过的法律，不经同辈陪审团的审判就把她们囚禁起来，把她们吊死，在婚姻中剥夺了她们对自己人身、工资和子女的监护权，并且使这一半人完全听凭另一半人的摆布。这些都直接违反了这个政府的立宪者宣言的精神和文字，每一个宣言都是基于所有人权利平等的不变原则。”
——苏珊·B·安东尼，《我站在你们面前，被起诉》（演讲），1873 年
19 世纪末和 20 世纪初，下列哪项不是为了授权政府管理工业家日益增长的财富和权力而设计的？",《谢尔曼反托拉斯法案》（1890 年）。,《州际贸易法案》（1887年）。,《联邦贸易委员会法案》（1914 年）。,《纽兰兹开垦法案》（1902 年）。,D,high_school_us_history,history
37,"本问题涉及以下信息。
“Al-Zawawi还说，'这位苏丹穆萨告诉我，在一个叫 ZKRY 的小镇上，他有一个铜矿，铜锭就是从那里运到 BYTY 的。穆萨说：“在我的王国里，除了运来的粗铜，没有任何东西需要征税。只对这部分征税，不对其他部分征税。我们把它送到异教徒苏丹的土地上，以黄金重量的三分之二出售，这样我们就可以用 66 又 2/3 度量的黄金卖出 100 度量的铜。他还说，在他的王国里有一些异教徒民族，他并不向他们征收贡金（jizya），而只是雇用他们从金矿中开采黄金。开采黄金的方法是挖掘约一人高的深坑，黄金就镶嵌在坑的两侧，有时则聚集在坑底”。
摘自 N. Levtzion & J.F.P. Hopkins 编辑 《西非历史的
早期阿拉伯语资料库》。剑桥
大学出版社，1981 年。经剑桥出版社允许
重印
乌马里，约 1300-1384 年
下面哪个关于公元 600-1450 这段时期的说法是由文章支持的？",在这一时期，宗教经常通过战争传播。,在这一时期，国际贸易联系仍在发展。,疾病沿着贸易路线传播。,游牧民族在这一时期建立了强大的帝国。,B,high_school_world_history,history
282,与其他早期文明相比，印度河流域文明在哪些方面是无与伦比的？,纪念性建筑的高度和规模,暴力的数量和频率,城市规划的程度,为储存而生产的剩余小麦的数量,C,prehistory,history
242,以下哪一项被描述为“现有原因的缓慢代理”？,自然选择,灾变说,均变论,单系进化,C,prehistory,history
165,"本问题涉及以下信息。
道旁过者问行人，
行人但云 “点行频。
“或从十五北防河，
便至四十西营田。
去时里正与裹头，
归来头白还戍边。
边庭流血成海水，
武皇开边意未已。
君不闻，汉家山东二百州，
千村万落生荆杞。
纵有健妇把锄犁，
禾生陇亩无东西。
况复秦兵耐苦战，
被驱不异犬与鸡。
“长者虽有问，
役夫
敢申恨？ 且如今年冬，
未休关西卒。
县官急索租，
租税 从何出。
信知生男恶，
反是生女好。
生女犹得嫁比邻，
生男埋没随百草。”
杜甫，《兵车行》，约公元 750 年
宋朝与唐朝的不同之处在于",宋朝废除了儒生科举考试,宋朝重视佛教，轻视道教和儒教,宋朝奉行不太向外扩张的对外政策,宋朝人本来就来自中国之外,C,high_school_world_history,history
197,帕伦克的统治者帕帕尔大帝的石棺盖描绘了什么？,国王的死敌，上面有一系列象形文字，代表着世界上所有伟大的城市和文明,死去的国王悬挂在玛雅大地怪物和象征玛雅天堂的奎萨尔鸟之间,阿兹特克国王驾着金制的战车升天,一个古老的外星人通过望远镜观察并驾驶着宇宙飞船,B,prehistory,history
82,"本问题涉及以下信息。
“鉴于，为了提高王国的收入，扩大和保障大不列颠与陛下在美洲的领地（这些领地因和平而愉快地扩大了）之间的航行和贸易，应当制定新的规定和条例，这是权宜之计；鉴于，在陛下在美洲的上述领地中，为支付保卫、保护和保障这些领地的费用而增加收入是正当和必要的；我们作为陛下在大不列颠的下议院最尽职、最忠诚的臣民，聚集在议会中，希望在这次议会会议上作出一些规定，以提高在美洲的上述收入，并已决定给予陛下以下提到的几种税率和关税……”
1764 年《食糖法案》
与节选中表达的观点一致，下列哪项不代表法国和印第安人战争后格伦维尔首相的观点？",他觉得国王需要控制贸易，增加税收。,他认为殖民者应该帮助偿还战争带来的债务。,他认为议会有权对殖民地增税。,他想通过扩大“有益的忽视”来奖励殖民地。,D,high_school_us_history,history
50,"本问题涉及以下信息。
那么，这些外国人又该用什么样的理由原则来换回有毒的药物呢？ 我们无意说外国人心中怀有这样的破坏性意图，但我们可以肯定地断言，由于他们对利益的过度渴求，他们根本不在乎对我们造成的伤害！既然如此，我们不禁要问，上天植入每个人心中的良知究竟变成了什么？ 我们听说，在你们自己的国家，鸦片是被严格禁止的。这有力地证明，你深知这对人类的伤害有多大。既然你们不允许它伤害你们自己的国家，你们就不应该让这种有害的药物转移到其他国家，更不应该转移到内陆国家！在中国向外国出口的产品中，没有任何一件不是以某种形式造福人类的。
中国贸易专员林则徐 1839 年致维多利亚女王的信
下列哪一项最有可能引起文中的抱怨？",英国在中国出售鸦片,英国向中国出口烟草,英国把火药传入中国,英国鼓励中国使用海洛因,A,high_school_world_history,history
246,从粮食采集到完全依赖农业的转变：,在其他地方都发生过，除了南美。,花了几千年时间。,花了几十万年时间。,始终需要仔细的规划。,B,prehistory,history
290,下列哪一项是与已灭绝的大象有关的两面都有凹槽的石刃的名字？,拓乐人,拉皮塔人,多塞特人,克洛维斯人,D,prehistory,history
89,"本问题涉及以下信息。
在这段时间里，印第安人在他们周围鬼鬼祟祟地跑来跑去，有时会远远地躲开，但一旦有人走近他们，他们就会跑开；有一次，他们在工作的地方偷走了工具，准备去吃饭。但大约在 3 月 16 日，一个印第安人大胆地来到他们中间，他用蹩脚的英语对他们说话，他们听得很懂，但却很惊讶。通过和他的交谈，他们终于明白，他不是这个地区的人，而是属于东部地区，那里有一些英国船只来捕鱼，他认识他们，能说出他们的名字，从他们那里他学会了自己的语言。他使他们了解了他所居住的东部地区的许多情况，这对他们是有益的。而且这些事后来对他们大有益处。还有这里的人，他们的名字、人数和力量，他们的处境和离这个地方的距离，以及谁是他们中的首领。他的名字叫萨莫塞特。他还告诉他们，另一个印第安人名叫斯匡托，是这个地方的本地人，曾在英国待过，英语说得比他自己还好。
——威廉·布拉德福德，《普利茅斯种植园史》
清教徒来到美洲并在普利茅斯定居，因为",他们希望摆脱在英国的巨额债务。,他们希望找到黄金，或者建立有利可图的毛皮贸易。,他们是宗教分离主义者，在寻找一个可以自由实践信仰的地方。,他们被命令建立一个前哨站来监视在加拿大的法国人。,C,high_school_us_history,history
101,"本问题涉及以下信息。
下面这段话是约翰·加尔文写的。
既然为了证明救恩完全出于神的怜悯，我们必须重新思考神的拣选，所以，那些拒绝相信这教义的人，是在竭力恶意地抹去人应当引以为荣和大声宣告的教义，也同时在拔除谦卑。保罗清楚地教导，当圣经说神所留的余数，是照着拣选的恩典时，我们才明白神出于他自己的美意，拯救他所喜悦的人，而且这不是他所欠人的债，因神不可能欠人什么。那些故意不给别人机会听到这教义的人，不但得罪神，也是得罪人。因除此教义外，没有任何事物能使我们谦卑，或让我们深深地感受到我们有多亏欠神。并且就如基督所教导的那般，这也是得救确据的唯一根基。基督应许我们父神所交托他看管的每一位必定安全，是要我们在许多的危险、陷阱和威胁我们性命的争战中不至惧怕，并使我们至终得胜。
——约翰·加尔文，《基督教要义》，1559 年
下列哪个与加尔文主义同时兴起的宗教因为支持成人洗礼和和平主义而被摧毁？",胡格诺派,路德教会,长老教会,再洗礼派,D,high_school_european_history,history
102,通过臂对臂的摆动而在树上移动被称为：,两足动物运动。,臂力摆荡。,有四足的运动。,稀树草原生态位。,B,prehistory,history
112,为了获得使用印加帝国财产的特权，国王需要做什么劳动？,奇普,Mit'a,分割继承,卡帕科查,B,prehistory,history
97,"本问题涉及以下信息。
下面这段话摘自弗拉基米尔·列宁的一次演讲。
除非我们有足够的国防工业基础，否则我国的独立是无法维持的。而如果我们的工业在技术上不高度发达，就不可能有这样的工业基础。这就是为什么我们工业的快速发展是必要的和迫切的。我们不能无限期地、在太长的时期内继续把苏维埃制度和社会主义建设建立在两个不同的基础上，即最大规模、最统一的社会主义工业的基础，以及最分散、最落后的农民小商品经济的基础。我们必须逐步地、系统地、坚持不懈地把我国农业放在新的技术基础上，放在大生产的基础上，提高到社会主义工业的水平。如果完成这个任务，就可以保证社会主义在我国的最后胜利；如果背离这个任务而不完成这个任务，就不可避免地要回到资本主义。
——列宁《论国家工业化和联共（布）党内的右倾》，1928 年 11 月 19 日
以下哪一件事最有可能对列宁产生最大的影响，使他渴望让他的新国家实现工业化？",他在瑞士和其他地方的流亡使他看到了苏联是多么需要西方的工业化。,在革命发生之前，俄国有很大比例的人口在工厂工作，他想以此为基础继续发展。,托洛茨基之所以能够领导 1917 年的布尔什维克起义，是因为他控制了铁路和电报站。,第一次世界大战期间俄国的耻辱性失败使他获得了权力，他知道再一次失败将意味着他的灭亡。,D,high_school_european_history,history
175,直立人是：,一个稳定的、长寿的物种,一个不成功的短命物种。,第一个制造和使用石器的原始人。,第一个站“直”并且直立行走的原始人。,A,prehistory,history
194,在社会复杂性出现之前，美索不达米亚的什么制度被分离出来并拥有权力？,军事,国家,庙宇,狩猎协会,C,prehistory,history
190,"本问题涉及以下信息。
“明年 3 月 4 日，[共和党]将接管政府。它宣布南方将被排除在共同领土之外，司法法庭将被分割，必须对奴隶制进行战争，直到它在美国全境停止为止。到那时，宪法的保障将不复存在；各州的平等权利将会丧失。蓄奴州将不再拥有自治或自我保护的权力，联邦政府将成为他们的敌人。
“因此，我们，南卡罗来纳州的人民，通过我们在大会上的代表，庄严宣布，迄今为止在这个州和北美其他州之间存在的联盟已经解散；南卡罗来纳州已经恢复了她在世界各国中的地位，作为一个单独的独立州，拥有充分的权力发动战争、缔结和约、缔结联盟、建立贸易，并采取独立国家有权采取的所有其他行动和事情。”
《南卡罗来纳州分裂原因宣言》，1860 年
下列哪项是南卡罗来纳州脱离联邦的直接后果？",南方民主党人呼吁国会停止对南卡罗来纳州的军事行动。,亚伯拉罕·林肯签署了《解放奴隶宣言》。,其他南方州脱离联邦，组成邦联。,杰斐逊·戴维斯征召邦联士兵参战，保卫萨姆特堡。,C,high_school_us_history,history
220,街头行人调查的适当性和有用性取决于：,初级和次级垃圾的存在。,自然暴露的层，在其中寻找人工制品、生态制品或骨头。,可以在人工制品、生态制品和骨头之间建立的联系。,一个人工制品隐藏处或集合的存在。,B,prehistory,history
161,根据对附近村庄动物牙齿的分析，我们对建造巨石阵的人了解多少？,他们在这里饲养家畜，包括牛、绵羊和山羊。,他们把动物从该地区以外的地方带到遗址。,他们没有驯养的动物，而是猎杀野生动物以获取肉类。,他们捕猎羚羊、瞪羚和熊。,B,prehistory,history
171,哪种工具技术与尼安德特人有关？,奥瑞纳文化,阿舍利文化,莫斯特文化,b 和 c 都是,C,prehistory,history
39,"本问题涉及以下信息。
请阅读下面的引文。
现在我已经毫无疑问地断定，天上有三颗星星绕着木星转，就像金星和水星绕着太阳转一样。根据后来在类似场合的观察，这一点变得比白昼更清楚了。并非只有三颗这样的星星；有四颗流浪星星完成了它们围绕木星的旋转，后面我们将更精确地观察到它们的变化，我们将在这里加以描述。我还用望远镜测量了它们之间的距离……
这就是我最近首次发现的四颗美第奇行星的观测结果，尽管根据这些数据，它们的周期尚未以数字形式重建，但至少可以合理地证明一些值得注意的事实。最重要的是，因为它们有时跟在木星后面，有时在木星前面，它们停留在木星东边或西边的距离很有限，伴随木星逆行和顺行，没有人会怀疑它们完成了围绕木星的公转，同时，它们围绕宇宙中心的公转周期加起来是 12 年
——伽利略·伽利莱，1610 年
伽利略最有可能是在以下哪位波兰思想家的思想的说服下写下了上述说法？",尼古拉·哥白尼,约翰尼斯·开普勒,伽利略·伽利莱,约瑟夫·毕苏斯基,A,high_school_european_history,history
186,最近在南非新星洞穴系统的迪纳莱迪洞穴中发现的纳莱迪人化石表明，这是一种后颅形态的混合体，或者是人类特征的马赛克。这个新物种备受争议的原因之一是：,已经有两个已知的人属物种，而且不太可能同时有两个以上的物种。,古人类学家没有发现它，它是在南非一个人迹罕至的洞穴中发现的。,到目前为止，对这些标本还没有确定的日期。,纳莱迪人化石比已知最早的人类化石早了数百万年。,C,prehistory,history
47,"本问题涉及以下信息。
“如果你分析一下，我相信保守主义的核心和灵魂是自由意志主义。我认为保守主义确实是用词不当，就像自由主义对自由主义者来说是用词不当一样——如果我们回到革命时期，今天所谓的保守主义者就是自由党，而自由党就是托利党。保守主义的基础是渴望更少的政府干预或更少的中央集权或更多的个人自由，这也是对什么是自由意志主义的一个相当普遍的描述。现在，我不能说我同意目前自称为自由意志主义者的团体在政党意义上所说的所有事情，因为我认为，就像在任何政治运动中一样，都有阴影，有些自由意志主义者几乎到了想要根本没有政府或无政府状态的地步。我相信存在合法的政府职能。在一个有秩序的社会中，政府维护自由是合理的需要，否则我们就会有个人的暴政。这个街区最强壮的人将掌管整个社区。我们有政府来确保我们不需要每个人都拿着棍棒来保护自己。但我再次重申，我认为自由意志主义和保守主义走的是同一条路。”
罗纳德·里根，《理性》杂志发表的采访，1975 年
以下哪一组最反对上面摘录中表达的观点？",新保守主义者,里根民主党人,进步的自由主义者,民粹主义者,C,high_school_us_history,history
39,"本问题涉及以下信息。
“由于我们最近在康内斯托加庄园和兰开斯特的行为引起了我国和邻近政府的许多猜测和各种各样的情绪；有些人为它辩护，有些人谴责它；有些人善意地减轻了罪行，有些人则恶意地把它描绘得最可恨、最可恨，我们认为有责任把整个事件在我们面前出现和仍然出现的情况公布于众……
“如果这些还不足以证明贵格会教徒对印第安野蛮人有一种毫无道理的依恋，他们下定决心要帮助他们，对人类的苦难完全无动于衷，那么让我们来考虑一些最近的事实。去年夏天，当我们发现政府不可能给我们提供援助时，一些自告奋勇的人自费出征，决心把敌人赶出国境。当我们靠近那座大岛时，我们才知道，他们的许多战士已经进攻了我们的边疆。于是，我们回来了，和他们一起来到芒菲山，在那里我们损失了一些人，杀死了他们的一些战士，从而避免了我们的边疆在另一次远征中重蹈覆辙。我们很快就把他们在大岛上的粮食给毁了，也毁了他们在伯利恒同好人的贸易。可是不久之后，正是这些被怀疑谋杀了我们在北安普顿县的朋友的印第安人，受到了一些贵格会教徒的影响，受到政府的保护，保护他们免受被谋杀者亲友的怨恨，并在整个冬天里支持他们”
——《帕克斯顿男孩的道歉》（小册子），1764 年（注：“道歉”在这里应该被理解为一种解释，而不是承认内疚或后悔。）
下列发生在殖民时期早期或后期的事件中，哪一个最能被看作是与上文所述事件的连续性的一部分？",安妮·哈钦森被驱逐出马萨诸塞湾殖民地。,培根在弗吉尼亚殖民地的叛乱。,波士顿倾茶事件。,约翰·彼得·曾格的审判。,B,high_school_us_history,history
155,"本问题涉及以下信息。
请阅读下面的节选。
最崇高的、最尊贵的天才的才能，从来没有像现在这样被如此丰富地赋予一个人。拿破仑的天赋是惊人的。人类知识的所有分支在他庞大的头脑中似乎都同样熟悉。散落在大量纪念馆中的他在圣赫勒拿岛的谈话充满了强烈的兴趣。在他被监禁和死亡的漫长痛苦中，他畅所欲言，畅谈了他非凡的职业生涯，以及所有与我们民族福祉密切相关的道德、政治和宗教问题。熟悉这些用如此丰富的感情和充满活力的措辞表达出来的深刻的思想，任何人都会感到精神振奋。
——约翰·S·C·阿伯特，历史学家，《拿破仑在圣赫勒拿岛》，1855 年
拿破仑通过________使法国大革命在他所征服的地区成为一场国际运动",实行以法国法郎为基础的通用货币,野蛮镇压游击抵抗,废除封建主义和农奴制,鼓励使用法语作为世界通用语言,C,high_school_european_history,history
118,"本问题涉及以下信息。
保密 - 阁下的个人信息和指导
奥匈大使昨天向[德国]皇帝[威廉二世]递交了[奥匈帝国]皇帝弗朗西斯·约瑟夫的一封机密私人信件，信中从奥匈帝国的角度描述了目前的局势，并描述了维也纳正在考虑的措施。现将副本转交阁下。……
陛下想说，由于俄国和塞尔维亚的泛斯拉夫鼓动，他并非对威胁奥匈帝国和三国同盟的危险视而不见。……此外，陛下将根据弗朗茨·约瑟夫皇帝的意愿，在布加勒斯特作出努力，影响卡罗尔国王履行其同盟义务，放弃塞尔维亚，并镇压针对奥匈帝国的罗马尼亚叛乱。
最后，就塞尔维亚而言，陛下当然不能干涉奥匈帝国与塞尔维亚之间正在进行的争端，因为这件事不在他的职权范围内。然而，弗朗茨·约瑟夫皇帝可以放心，陛下将忠实地站在奥匈帝国一边，这是他的同盟义务和他的古老友谊所要求的。
希奥博尔德·冯·贝特曼-霍尔韦格（德国总理）给德国驻维也纳大使的电报，1914 年 7 月 6 日
对贝特曼-霍尔韦格电报背景的最好描述是",德国在统一过程中与奥匈帝国的合作,巴尔干问题和三国同盟,德国违反《巴黎条约》重整军备,德国与奥匈帝国和意大利谈判建立三国同盟,B,high_school_european_history,history
188,以下哪项是社会阶层化和不平等的考古证据？,没有异域墓葬品的墓葬也含有骨头，表明他们从事的劳动不那么繁重。,带有异域墓葬品的墓葬也含有骨头，表明他们从事的劳动不那么繁重。,所有的墓葬都包含相同数量的异域物品，但有些比其他的更令人印象深刻。,埋葬的骨头表明，人们是根据性别、身高和个人能力（包括艺术能力）进行隔离的。,B,prehistory,history
64,对粳稻（短粒）和籼稻（长粒）这两个主要品种的遗传研究表明：,每一种水稻之间的亲缘关系都比它们在当地的野生祖先更密切，这表明这些现代水稻品种是最近在东亚发展起来的。,每一种水稻与当地野生祖先的关系都比另一种更为密切，这表明这些现代水稻品种是在东亚和南亚分别驯化的。,每一种水稻都互不相关，这表明这些现代水稻品种是在东亚和西欧分别驯化的。,"每一种水稻都与当地的野生祖先密切相关，这表明驯化一定发生在最近，且不早于 2,000 年前。",B,prehistory,history
131,"本问题涉及以下信息。
“那么，请允许我们诚恳地向各州的立法机关推荐这些条款，请它们立即予以冷静的注意。让我们坦率地审视这些问题，认识到把一个分裂成许多主权和独立共同体的大陆的各种感情和利益结合在一个体系中有多么困难，并坚信绝对有必要联合我们所有的议会和我们所有的力量，来维护和捍卫我们共同的自由……”
《大陆会议日报》，1777 年
根据《邦联条例》，美国最显著的成就是",建立一个强有力的行政办公室来领导国家政府,赋予国会管理商业的权力,赋予国会收税的权力,在西北地区出售土地的规定将使整个国家受益,D,high_school_us_history,history
320,"在纽约哈德逊河谷附近的一个遗址发现的北美驯鹿骨头可以追溯到 10,000 年前，这意味着：",主要的食物来源是驯鹿肉。,那时的气候要冷得多。,驯鹿是从加拿大进口到美国的。,住在这个地方的人胆固醇很高。,B,prehistory,history
114,什么时候从更远的地方获取的原材料增加了？这说明了什么？,在旧石器时代晚期；远距离联系，更依赖与遥远群体的贸易,在旧石器时代中期；从更远的地方获取原材料表明人们的迁移更加频繁,在旧石器时代中期；更广泛的社交网络建立在频繁的贸易活动和远距离联系的基础上,在旧石器时代晚期；人们更广泛地认识到高质量进口材料的重要性,A,prehistory,history
109,"本问题涉及以下信息。
以下是 1889 年巴黎世博会的介绍。
“在博览会期间，特别是在 8 月份，当大会和法国协会召开会议时，在巴黎研究人类自然历史的机会在人类学史上是无与伦比的。在任何时候，法国首都都为人类学家提供了难得的优势。穆斯卡和布洛卡实验室、伯蒂隆在司法宫的人体测量学操作、人类学会的课程、植物园的收藏、医学学会的原始工作设施以及医院都给比较解剖学家和生物学家提供了大量的就业机会。”
奥蒂斯·T·梅森，美国民族学家和馆长，1889 年
哪位科学先驱的工作对巴黎世博会中描述的科学家影响最大？",爱因斯坦,普朗克,诺贝尔,达尔文,D,high_school_european_history,history
179,"本问题涉及以下信息。
“在国家面临严重问题的时候，人民的良知要求建立一个源于民族正义感的新的政党。我们进步党致力于履行先辈们赋予我们的职责，维护一个民有、民治、民享的政府，因为正是这些人民奠定了政府的基础。我们赞同托马斯·杰斐逊和亚伯拉罕·林肯的观点，即人民是他们宪法的主人，要实现宪法的目的，并保护宪法免受那些曲解宪法意图的人的侵害，这些人可能会把宪法变成不公正的工具。根据每一代人的需要，人民必须使用他们的主权权力来建立和维护平等的机会和工业公正，这是我们政府建立的基础，没有它，任何共和国都无法存在。
“这个国家属于居住在这里的人民。它的资源、企业、机构和法律应以最能促进普遍利益的方式加以利用、维持或改变。是时候把公共福利放在第一位了。”
进步党党纲，1912 年
进步派西奥多·罗斯福在拉丁美洲的“大棒”政策的最佳特征就是他",否定门罗主义,相信欧洲国家有权保护他们在该地区任何剩余殖民地的经济利益,对西半球新独立国家主权的承认,相信美国有义务通过在整个西半球扮演保护角色来保护安全与稳定,D,high_school_us_history,history
193,在大约 700 年前从旧世界到新大陆的第三次移民浪潮中，是什么人的文化使用隐藏的船只，从阿拉斯加到格陵兰岛，穿越北极传播开来？,古爱斯基摩人,多塞特人,拓乐人,克洛维斯人,C,prehistory,history
83,"本问题涉及以下信息。
“极权主义政权的种子是由苦难和匮乏滋养的。它们在贫穷和冲突的邪恶土壤中蔓延和成长。当一个民族对美好生活的希望破灭时，这类政权就会充分成长。我们必须保持这种希望…… 事态的迅速发展给我们带来了巨大的责任…… 我相信，国会将正视这些责任。”
——哈里·S·杜鲁门总统，1947 年
以上这段话是杜鲁门总统向国会提出的论点的一部分，以支持",《退伍军人再适应法案》(G.I. Bill)。,氢弹的发展。,《麦卡伦国内安全法案》。,延长对希腊和土耳其的援助。,D,high_school_us_history,history
118,"根据大约 180 万年前到大约 400,000 年前的原始人类化石的形态，研究人员认为：",在这一时期，有两种或两种以上相关但地理位置不同的原始人，它们是从早期的非洲原始人进化而来的,这一时期的原始人类可以分为不同的物种，分布在非洲、亚洲和欧洲。,所有从能人进化而来的原始人类都属于一个单一的、地理上广泛分布但形态上多样的物种，即直立人。,以上都是,D,prehistory,history
166,"本问题涉及以下信息。
他们问我们将如何治理这些新领地。我回答：因地制宜，政府管理的方法将会增加。如果英国能统治外国领土，那么美国也能。如果德国能治理外国领土，那么美国也能。如果它们可以监督被保护国，那么美国也可以。为什么管理夏威夷州比管理新墨西哥州或加利福尼亚州更难？ 它们都有野蛮人和外来人口；这两个州在受我们统治时，都比今天的菲律宾离政府所在地更远。
你会通过你的投票说美国的治理能力已经衰退、一个世纪的自治经验失败了吗？ 你会通过你的投票确认你不相信美国权力和实际意识吗？ 或者，你会说我们的血是政府的血、我们的统治之心是政府的统治之心、我们的大脑和管理天才是政府的大脑和管理天才吗？ 你会不会记得，我们所做的不过是我们的先辈所做的——我们只不过是向西、向南扎自由的帐篷——我们只不过是让星条旗继续前进而已？
——阿尔伯特·贝弗里奇，《星条旗在前进》，印第安纳波利斯，1898 年 9 月 16 日
贝弗里奇的演讲是对以下哪个问题的回应？",购买阿拉斯加,墨西哥战争,美西战争,第一次世界大战,C,high_school_us_history,history
310,关于大津巴布韦中央建筑群的城墙，下列所有说法都是正确的，除了：,它们是由 100 多万块花岗岩砖建成的。,它们展示了复杂的砖石结构。,有些地方有 40 英尺高。,将它们连接在一起的砂浆是由磨碎的海洋贝壳制成的。,D,prehistory,history
281,直立人的特点是：,有一种复杂的石器技术，合作狩猎，以及对火的控制。,有一种原始的石器工具技术，对木材的复杂使用来建造庇护所，以及已知最早的园艺。,合作狩猎，有控制地使用火，以及包含许多墓葬品的精心埋葬。,有一种原始的石器技术，有捕鱼和建造石制建筑的第一个证据。,A,prehistory,history
181,"本问题涉及以下信息。
“唯一强大到足以打破社会习俗的力量是经济需要…… 经济上的需要迫使女性走出家门，进入商业世界，这彻底摧毁了女性只应该在自己家里或朋友家里吃饭的旧观念，创造了一种全新的社会现象，成千上万女性在公共场合吃饭，没有男性陪同，并使餐饮业进入了一个全新阶段。”
——《纽约时报》，1905 年 10 月 15 日
以上文章中描述的场景最直接地反映在以下哪一项中？",1964 年《民权法案》。,《平等权利修正案》。,《纯净食品和药品法案》。,《州际贸易法案》。,B,high_school_us_history,history
33,"本问题涉及以下信息。
“柏拉图取代学院派的亚里士多德的进程由于与拜占庭学术的接触而加速。早在名义上统一了东西方教会的费雷拉委员会（1438年）上，就有一场争论，拜占庭人认为柏拉图比亚里士多德优越。科西莫和洛伦佐·德·美第奇都沉迷于柏拉图；科西莫创立了主要致力于研究柏拉图的佛罗伦萨学院，洛伦佐继续经营佛罗伦萨学院……然而，当时的人文主义者忙于获取古代知识，无法创造任何有价值的东西。”
伯特兰·罗素，英国哲学家，《西方哲学史》，1946 年
从文中可以推断，费雷拉委员会",为佛罗伦萨美术学院奠定了基础,永久地调和了东西方教会之间的分歧,加速了对西欧古典哲学的重新发现,允许拜占庭人学习佛罗伦萨的学术,C,high_school_european_history,history
54,"本问题涉及以下信息。
一项对移民施加某些限制并规定将违禁移民驱逐出英联邦的法案。
…
3. 禁止本节以下任何段落所述人员（下称“被禁止移民”）移民到英联邦，即
(a) 在官员要求下不能当着官员的面通过官员指示的欧洲语言默写并签署一段长达 50 字的文字的任何人；
(b) 部长或任何官员认为对公众或任何公共或慈善组织造成负担的任何人；
…
(g) 根据合同或协议在联邦境内从事体力劳动的任何人：但本款不适用于因澳大利亚所需的特殊技能而获得部长豁免的工人……
《1901 年移民限制法》（澳大利亚）
鉴于美国政府认为，中国劳工来到美国会危及美国境内某些地方的良好秩序；
因此，
由美利坚合众国国会参众两院颁布，自本法案通过后九十天起，暂停中国劳工来美；在该暂停期间，任何中国劳工来美或在九十天期满后留在美国境内均属非法。
SEC. 2. 明知故犯，从任何外国港口或地方将任何中国劳工带入美国境内，并在该船上登陆或允许其登陆的船主，应视为犯有轻罪，一经定罪，应就每名如此带入的中国劳工处以不超过五百美元的罚款，并可处以不超过一年的监禁……
《1882 年排华法案》（美国）
这些段落最能被看作是 19 世纪哪个突出的社会或经济趋势的例子？",反犹意识形态的兴起,贸易保护主义,从国外吸引熟练工人的愿望越来越强烈,反移民情绪加剧,D,high_school_world_history,history
203,加速全球人口增长的粮食生产革命被称为________；它发生在_____年前。,"旧石器时代晚期过渡；在 35,000 年前","中石器时代人口转型；从 18,000 年前开始","新石器时代人口转型；从 11,000 年前开始","新石器时代革命；5,000 年后",C,prehistory,history
81,"本问题涉及以下信息。
阅读下面的文档。
来源 1
棉花是一种进口商品，它由其他国家供应，而且在任何地方都能以平等的条件获得，如果通过机器的使用，棉花的生产取得了如此惊人的成功，那么，因为羊毛是我们本岛的产品，是所有国家都需要的商品，几乎是人类的通用服装，最大限度地培育羊毛的生产，难道不应该有更大的好处吗？
在毛织品的生产中，涂布机、纺纱机和飞梭减少了近三分之一的手工劳动，它们每一种刚推出时都引起了劳动者的警觉，但它们都对提高工资和促进贸易作出了贡献，因此，如果现在有人企图剥夺我们使用它们的权利，毫无疑问，每一个从事这项事业的人都会竭力捍卫它们。
——利兹布商的声明，1791 年
来源 2
大名鼎鼎的农民小伙子们来了
他们喜欢喝棕色的好麦酒
打倒每一个傲慢的暴君
拿着斧头、长矛和枪！
这群小伙子们
勇敢的小伙子们
挥动有力的武器
打破藩篱
农民小伙子们冲我来了！
虽然特殊情况还在继续
士兵们每晚在我们周围欢腾
小伙子们仍一马当先
拿着斧头、长矛和枪！
这群小伙子们
勇敢的小伙子们
挥动有力的武器
打破藩篱
农民小伙子们冲我来了！
——《路德运动之歌》，《农民之歌》，c。1812 年
以下哪一项最好地描述了 1850 年前政府对来源 2 中所见的投诉的反应？",1850 年以前，政府几乎没有解决工业化的问题。,改革运动导致了对工人的工作时间、年龄和性别的规定。,在英国开始使用自来水和下水道。,政府建立了一个全国性的医疗保健系统。,B,high_school_european_history,history
262,考古学家如何描述在哥贝克力石阵、Watson Brake 和波弗蒂角建造纪念性建筑的民族？,农学家,丰富的觅食者,古老的国家,原始文明,B,prehistory,history
31,"若 (G, .) 是一个群，且对于所有 G 中的 a 和 b，满足 (ab)^-1 = a^-1b^-1，则 G 是一个",交换半群,阿贝尔群,非阿贝尔群,这些都不是,B,abstract_algebra,math
205,"考虑两个集合 X ={10, 30, 45, 50, 55, 70, 90} 和 Y ={10, 30, 35, 50, 65, 70, 90}。下列哪项是错误的？",这些集合有相同的中位数。,这些集合有相同的均值。,这些集合有相同的范围。,以上都不是错误的。,D,high_school_statistics,math
213,一个加油站一天卖出 300.5849 加仑的汽油。加油站卖了多少加仑汽油，四舍五入到最接近的百分位？,300,300.58,300.585,300.59,B,elementary_mathematics,math
168,直角三角形的边长为 6 和 b，斜边长为 c。此三角形的周长是 18。计算 c 的值。,18,\frac{15}{2},8,6,B,high_school_mathematics,math
218,John 有五个孩子。至少有一半是女孩的概率是多少？（我们可以假设生男孩和生女孩的可能性一样，反之亦然。）,\frac{1}{2},\frac{1}{4},\frac{1}{8},\frac{3}{5},A,high_school_mathematics,math
370,哪个分数大于 2/5？,5-Jan,10-Jan,10-Apr,10-May,D,elementary_mathematics,math
3,在早餐、午餐和晚餐时，Joe 以等概率随机选择吃一个苹果、一个橘子或一根香蕉。在某一天，Joe 吃至少两种不同水果的概率是多少？,\frac{7}{9},\frac{8}{9},\frac{5}{9},\frac{9}{11},B,high_school_mathematics,math
15,"一只蚂蚁从 (-4,6) 直直爬到原点，然后继续直直爬到 (4,3)。它爬了多远？",16,2\sqrt{2},5,5+2\sqrt{13},D,high_school_mathematics,math
86,陈述 1 | 若 H 和 K 是群 G 的子群，则 |HK| = |H||K|/|H intersection K|。陈述 2 | 一个 2p （其中 p 是奇素数）阶的群对于 D_p 是循环或同构的。,真，真,假，假,真，假,假，真,A,abstract_algebra,math
211,Miranda 按比例放大了一张图片。她的原图是 4 厘米宽，6 厘米长。如果新的、放大后的图片是 10 厘米宽，那么它的长度是多少？,8 厘米,12 厘米,15 厘米,20 厘米,C,elementary_mathematics,math
13,一个大班将被分成几个团队，每个学生必须是一个团队的成员。然而，每个学生都有三个不喜欢的同学。学生之间的不喜欢不一定是相互的。若团队的规模不需要相等，则必须创建多少个团队，才能确保没有学生成为他们不喜欢的同学的队友？,4,7,10,13,B,college_mathematics,math
210,以下哪一项适合使用人口普查？,一个小镇教师平均身高的 95% 置信区间。,一个小镇上选修 AP 课程的学生比例的 95% 置信区间。,一个双尾假设检验，其中零假设是高中男生和女生在娱乐上的平均支出是相同的。,以上都不是。,D,high_school_statistics,math
176,假设 54% 的高中毕业生继续上 4 年制大学，20% 继续上 2 年制大学，19% 找到工作，剩下的 7% 找工作。如果一个随机选择的学生不上 2 年制大学，她上 4 年制大学的概率是多少？,0.46,0.54,0.63,0.675,D,high_school_statistics,math
264,去年 Carl 总共烤了 18 个馅饼。他为家人烤了 6 个馅饼，为 4 个学校筹款人每人烤了 p 个馅饼。哪个数字句子可以用来计算 Carl 为每个学校筹款人烤的馅饼的数量 p？,6 × p – 18 = 4,18 – 6 × p = 4,4+6 × p = 18,6+4 × p = 18,D,elementary_mathematics,math
106,在一所大学中，大约 2/5 的大四学生会继续读研究生。如果一所大学有 750 名大四学生，预计有多少人会继续读研究生？,75 名大四学生,107 名大四学生,300 名大四学生,400 名大四学生,C,elementary_mathematics,math
136,一个养鸡产蛋的农民希望他的鸡蛋的平均质量是 56 克。他正在考虑购买一种不同类型的母鸡，所以他随机抽取了这种母鸡下的 18 个蛋的样本。质量呈对称分布，为丘形，均值为 54.1 克，无异常值。农场主进行了 t 检验，看看是否有证据表明这些母鸡的鸡蛋的平均质量与 56 克不同，得到了 t= -1.973 的检验统计量。如果他使用 5% 的显著性水平，下面哪个是正确的结论和原因？,因为它比 ±1.96 更极端，他应该拒绝零假设。在 5% 显著性水平下，他有令人信服的证据表明，这些母鸡产的鸡蛋的平均质量与 56 克不同。,因为在 17 个自由度下它没有 t 的临界值那么极端，所以他不应该拒绝零假设。在 5% 显著性水平下，他没有令人信服的证据表明，这些母鸡产的鸡蛋的平均质量与 56 克不同。,因为在 18 个自由度下它没有 t 的临界值那么极端，所以他不应该拒绝零假设。在 5% 显著性水平下，他没有令人信服的证据表明，这些母鸡产的鸡蛋的平均质量与 56 克不同。,因为在 18 个自由度下它比 t 的临界值更加极端，所以他不应该拒绝零假设。在 5% 显著性水平下，他没有令人信服的证据表明，这些母鸡产的鸡蛋的平均质量与 56 克不同。,B,high_school_statistics,math
154,将 0.1\overline{7} 表示为简分数。,\frac{8}{45},\frac{8}{5},\frac{8}{7},\frac{8}{33},A,high_school_mathematics,math
33,亚特兰大机场的一个小售货亭出售的纪念品价格从 3.99 美元到 29.99 美元不等，平均价格为 14.75 美元。机场当局决定将售货亭的租金提高 5%。为了弥补增加的租金，售货亭老板决定将所有商品的价格提高 50 美分。因此，会发生以下哪一种情况？,平均价格和价格范围将增加 50 美分。,平均价格将保持不变，但价格范围将增加 50 美分。,平均价格和价格标准差将增加 50 美分。,平均价格将增加 50 美分，但价格的标准差将保持不变。,D,high_school_statistics,math
58,两个整数的最小公倍数是 240，最大公约数是 24。已知其中一个整数是 48，另一个整数是多少？,1,120,20,12,B,high_school_mathematics,math
82,求 25^1059 除以 23 的余数。,11,13,8,5,C,high_school_mathematics,math
221,五年前，一台运算速度只有当前电脑一半的电脑要花两倍的钱。当前电脑的速度与价格之比是旧电脑速度与价格之比的百分之几？,20,400,32,\frac{2}{5},B,high_school_mathematics,math
123,Lucci 先生归纳整理了 5 袋笔。他在每个袋子里放了 19 支黑笔和 12 支红笔。哪个表达式表示了 Lucci 先生放入袋子中的笔的总数？,(5 × 19) + 12,5 × (19 + 12),5 + (19 × 12),(5 + 19) × 12,B,elementary_mathematics,math
99,下列哪一点不是不等式 y > 9x – 8 和 y < – x + 8 的解？,"(– 2, 15)","(–1, 5)","(0, 0)","(1, 5)",A,high_school_mathematics,math
306,一个场地的形状是梯形。这个梯形的短底是 130 码长，长底是 390 码长。两个底之间的距离是 75 码。场地的面积是多少？,"9,750 码^2","19,500 码^2","29,250 码^2","39,000 码^2",B,elementary_mathematics,math
45,在一所拥有 1650 名学生的高中里，有 132 人在股票市场进行个人投资。为了估计该学校学生的股票投资总额，提出了两个计划。计划 I 将随机抽取 30 名学生，找到他们平均投资的置信区间估计值，然后将这个区间的两端乘以 1650，得到总投资的区间估计值。计划 II 将从 132 名在市场上投资的学生中随机抽取 30 名学生，找到他们平均投资的置信区间估计值，然后将该区间的两端乘以 132，得到总投资的区间估计值。哪一个是用于估计这个学校的学生的股票市场投资总额的更好的计划？,计划 I,计划 II,两种计划都使用随机样本，因此会产生相同的结果。,两项计划都无法给出准确的估计。,B,high_school_statistics,math
245,"四舍五入到最接近的万位后，2010 年，路易斯安那州的人口为 4,530,000。哪个数字可能是路易斯安那州 2010 年的实际人口？","4,500,321","4,524,491","4,533,372","4,535,343",C,elementary_mathematics,math
133,一场音乐表演的时间表包括 3 组，每组 20 分钟，还包括 1 组 40 分钟。每组之间有 10 分钟的休息时间。音乐表演的总时长为 3(20 + 10)+ 40 分钟。音乐表演的总时长是多少？,73 分钟,110 分钟,130 分钟,210 分钟,C,elementary_mathematics,math
60,求 4/7 + 2/7。,14-Jun,Aug-49,14/28,7-Jun,D,elementary_mathematics,math
74,一个由三个实数组成的数列构成一个等差数列，第一项是 9。若第二项加 2，第三项加 20，得到的三个数字形成一个几何级数。几何级数第三项的最小可能值是多少？,2,1,9,16,B,high_school_mathematics,math
125,一个正八边形有多少条对角线？,8,16,17,20,D,high_school_mathematics,math
52,一个医学研究团队使用三种不同剂量的实验性抗癌药物对患者样本进行肿瘤减少试验。以下哪项是正确的？,有三个解释变量和一个响应变量。,有一个解释变量有三个层次的响应。,肿瘤减少是唯一的解释变量，但有三个响应变量对应于不同的剂量。,一个解释变量有三个层次。,D,high_school_statistics,math
78,总共 x 英尺的围栏形成一个水平的长方形院子的三面。院子最大可能面积是多少（用 x 表示）？,x^2/9,x^2/8,x^2/4,x^2,B,college_mathematics,math
0,根据瓶上的标签，一片阿司匹林片的重量是 300 毫克。美国食品药品监督管理局 (FDA) 的一名调查员对 7 片药片的简单随机样本进行称重，得到 299、300、305、302、299、301 和 303 的重量，并对制造商的声明进行假设检验。下面哪个选项给出了这个检验的 P 值？,P(t > 1.54)，df = 6,2P(t > 1.54)，df = 6,P(t > 1.54)，df = 7,2P(t > 1.54)，df = 7,B,high_school_statistics,math
127,Jess 在上一场篮球比赛中得了 18 分。她投进的每一个球得 2 分。她投进了几个球？,20,16,9,8,C,elementary_mathematics,math
212,5 和 211 之间有多少个奇完全平方数？,2,25,6,75,C,high_school_mathematics,math
47,计算 22/2 + 9。,10,11,20,2,C,elementary_mathematics,math
137,Bob's Burger Barn 外的标志形状是一个正八边形。此符号的内角是多少度？,90,135,45,180,B,high_school_mathematics,math
11,假设 n > 1，其正除数的乘积是 n^6 的最小正整数 n 是多少？,30,64,2048,60,D,high_school_mathematics,math
152,在 -36、 -29、-22、…、41、48 中有几个数字？,12,10,13,11,C,high_school_mathematics,math
7,考虑一条长度为 10 的段。点 A 和点 B 是随机选择的点，它们将段分成三条更小的段。这三条更小的段构成三角形边的概率是多少？,0,10%,25%,50%,C,college_mathematics,math
77,设 a\star b = a^b-ab。若 2\star x = 22，求 x。,5,22,11,6,A,high_school_mathematics,math
159,某城市的月降雨量近似为正态分布，均值为 6 英寸，标准差为 1.6 英寸。以下哪一项是这个城市这个月的最高降雨量（以英寸为单位），而这个月可能是这个城市所见过的 10% 最干旱的月份之一？,8.05,7.6,3.95,3.37,C,high_school_statistics,math
75,昨天，Micah 吃了偶数个草莓。他还吃了奇数个苹果。哪一组可以代表 Micah 昨天吃的草莓 S 和苹果 A ？,SSSSS；AAA,SSSSS；AAAA,SSSSSSSS；AAAA,SSSSSSSS；A,D,elementary_mathematics,math
184,和 $1^2 + 2^2 + 3^2 + 4^2 + \cdots + n^2 = n(n+1)(2n+1) \div 6。则 21^2 + 22^2 + \cdots + 40^2 的值是多少？,41,22140,19270,2870,C,high_school_mathematics,math
134,一件大衣的标价是 325 美元。在 11 月，大衣卖不出去，商店老板把它的价格降低了 20%。到 12 月，她又将价格下调了 10%。12 月的圣诞购物者要花多少美元买这件大衣？,227.50 美元,234.00 美元,286.00 美元,290.00 美元,B,high_school_mathematics,math
159,7% 等于多少？,0.007,0.07,0.7,7,B,elementary_mathematics,math
111,当一名患者向医生主诉某一组特定症状时，医生有 15% 的几率将患者诊断为疾病 A。如果一个有这些症状的患者被诊断为疾病 A，他或她有 70% 的几率被诊断为疾病 B。没有被诊断为疾病 A 的有这些症状的患者有 10% 的几率被诊断为疾病 B。有这组症状的患者被诊断为至少有其中一种疾病的概率是多少？,0.235,0.25,0.765,0.85,A,high_school_statistics,math
181,"如果 30,000 除以 10，然后再除以 10，结果是多少？",3,30,300,"3,000",C,elementary_mathematics,math
153,"假设在州际公路系统上行驶的卡车的重量是正态分布的。如果 70% 的卡车重量超过 12,000 磅，80% 的卡车重量超过 10,000 磅，那么在州际公路上行驶的卡车重量的平均值和标准差是多少？","μ = 14,900; σ = 6100","μ = 15,100; σ = 6200","μ = 15,300; σ = 6300","μ = 15,500; σ = 6400",C,high_school_statistics,math
60,Estrella 想成为一名护理人员，并参加了筛选考试。在提供考试的几年，考试分数大致呈正态分布。该考试的平均值为 80，标准差为 9。只有那些在测试中得分前 15% 的学生才会被邀请回去参加进一步的评估。Estrella 在测试中获得了 90 分。她在测试中的百分位排名是多少？她是否有资格参加进一步评估？,13.35；她没有资格。,54.38；她没有资格。,86.65；她有资格。,84.38；她没有资格。,C,high_school_statistics,math
682,根据 2020 年美国的普通道德标准，在这两个场景中，哪个场景中的主角（即使用“我/我们/我们的”这些词的人）做了明显在道德上错误的事？ 场景 1 | 我把洗发水瓶子装满了剃须膏，然后把它放回淋浴间。场景 2 | 我和救护车保持着距离。,错，错,错，没有错,没有错，错,没有错，没有错,B,moral_scenarios,philosophy
237,下列哪项不是阿奎那给出的一个自明命题的例子？,“整体大于部分。”,“主啊，你脸上的光在我们身上打了记号”,“相等的事物和相同的事物彼此相等”,“人是一种理性的存在。”,B,moral_disputes,philosophy
104,德肖维茨认为什么类型的结果主义理论可能会在某些极端的特殊情况下为恐怖主义辩护？,基于行为的道义论,基于规则的享乐主义,规则功利主义,行为功利主义,D,moral_disputes,philosophy
770,根据 2020 年美国的普通道德标准，在这两个场景中，哪个场景中的主角（即使用“我/我们/我们的”这些词的人）做了明显在道德上错误的事？ 场景 1 | 我去了停尸间辨认尸体。场景 2 | 我在我妻子的姐姐耳边说了些浪漫的甜言蜜语。,错，错,错，没有错,没有错，错,没有错，没有错,C,moral_scenarios,philosophy
144,夏皮罗认为，对吸毒成瘾的最好解释是,个人的心态和社会环境。,吸毒的药理学效应（如脱瘾）。,一个人的基因特征，它解释了为什么有些人有“上瘾的性格”。,特定的心理障碍，如强迫症。,A,moral_disputes,philosophy
287,下列哪一项不是判处死刑的潜在负面后果之一？,预防未来的谋杀,巨大的财务成本,刺激效应,对无辜者的处决,A,moral_disputes,philosophy
454,根据 2020 年美国的普通道德标准，在这两个场景中，哪个场景中的主角（即使用“我/我们/我们的”这些词的人）做了明显在道德上错误的事？ 场景 1 | 我带我三岁的孩子去剧院看《睡美人》。场景 2 | 我走过一个池塘，看到一个溺水的孩子，就在那时，我跳进了池塘，我那昂贵的鞋子被弄脏了。,错，错,错，没有错,没有错，错,没有错，没有错,D,moral_scenarios,philosophy
140,根据诺克罗斯的观点，下列哪个论点对任何排除动物的完整道德地位的拟议标准提出了巨大的挑战？,本体论论点,宇宙学论点,来自边缘案例的论点,以上都不是,C,moral_disputes,philosophy
322,范登海格认为，我们无法知道一个被判死刑杀人犯是否,受到了公正的惩罚。,比受害者更痛苦。,在道德上被侮辱。,被过度惩罚。,B,moral_disputes,philosophy
241,马奎斯认为，堕胎是,绝对错误的。,大错特错的。,一般被允许的。,始终被允许的。,B,moral_disputes,philosophy
177,根据 2020 年美国的普通道德标准，在这两个场景中，哪个场景中的主角（即使用“我/我们/我们的”这些词的人）做了明显在道德上错误的事？ 场景 1 | 我把她车上的螺帽拧紧了。场景 2 | 我告诉儿子，晚饭后才能吃糖果。,错，错,错，没有错,没有错，错,没有错，没有错,D,moral_scenarios,philosophy
91,世界上最大的文庙网络在哪里？,印尼,中国,韩国,新加坡,C,world_religions,philosophy
16,根据 2020 年美国的普通道德标准，在这两个场景中，哪个场景中的主角（即使用“我/我们/我们的”这些词的人）做了明显在道德上错误的事？ 场景 1 | 我准时带我三岁的女儿出去五分钟。场景 2 | 我把面部颜料涂在小孩的脸上。,错，错,错，没有错,没有错，错,没有错，没有错,D,moral_scenarios,philosophy
272,瑞秋认为，在_____情况下，主动安乐死比被动安乐死更好,相比于医生主动结束患者的生命所承受的痛苦，如果患者被允许死亡，他或她将承受更多的痛苦。,相比于医生主动结束患者的生命所承受的痛苦，如果患者被允许死亡，他或她将承受更少的痛苦。,患者明确表示，他或她希望能活得越久越好。,以上都不是,A,moral_disputes,philosophy
751,根据 2020 年美国的普通道德标准，在这两个场景中，哪个场景中的主角（即使用“我/我们/我们的”这些词的人）做了明显在道德上错误的事？ 场景 1 | 我把婴儿放在钉子上 场景 2 | 我通常更喜欢伤害别人而不是保护他们。,错，错,错，没有错,没有错，错,没有错，没有错,A,moral_scenarios,philosophy
75,根据 2020 年美国的普通道德标准，在这两个场景中，哪个场景中的主角（即使用“我/我们/我们的”这些词的人）做了明显在道德上错误的事？ 场景 1 | 我裸体出现在沙滩派对上。场景 2 | 我有剩下的鱼，所以我在家里用微波炉加热。,错，错,错，没有错,没有错，错,没有错，没有错,B,moral_scenarios,philosophy
25,休谟将我们的感知分为两类：,感觉和情绪。,印象和想法。,静态和动态。,简单和复杂。,B,philosophy,philosophy
124,选择最佳的谓词逻辑翻译。某个 CEO 比所有人都富有。（Cx：x 是 CEO；Px：x 是人；Wxy：x 比 y 富有）,(∃x)[Cx • (∀y)(Py • Wxy)],(∃x)[Cx ⊃ (∀y)(Py ⊃ Wxy)],(∃x)[Cx • (∀y)(Py ⊃ Wxy)],(∀x)[Px ⊃ (∃y)(Cy ⊃ Wxy)],C,formal_logic,philosophy
241,范伯格声称，追求幸福的最好方式是：,追求快乐。,追求幸福。,忘掉幸福。,以上都不是。,C,philosophy,philosophy
173,卡拉汉反对安乐死合法化，因为他认为合法化会,违反美国宪法。,给社会上了错误的一课。,侵犯我们的自决权。,以上都不是,B,moral_disputes,philosophy
378,根据 2020 年美国的普通道德标准，在这两个场景中，哪个场景中的主角（即使用“我/我们/我们的”这些词的人）做了明显在道德上错误的事？ 场景 1 | 我通过测试他的数学技能来帮助他学习。场景 2 | 我在给我父亲做的汉堡里加了砒霜。,错，错,错，没有错,没有错，错,没有错，没有错,C,moral_scenarios,philosophy
483,根据 2020 年美国的普通道德标准，在这两个场景中，哪个场景中的主角（即使用“我/我们/我们的”这些词的人）做了明显在道德上错误的事？ 场景 1 | 我跟 Smith 教练说他是个笑话。场景 2 | 我打电话请病假，因为我在海滩食物中毒了。,错，错,错，没有错,没有错，错,没有错，没有错,B,moral_scenarios,philosophy
364,根据 2020 年美国的普通道德标准，在这两个场景中，哪个场景中的主角（即使用“我/我们/我们的”这些词的人）做了明显在道德上错误的事？ 场景 1 | 上次在那里吃饭我生病了，所以我向我的姻亲推荐了一家不同的餐厅。场景 2 | 我欣喜若狂，因为我终于用球棒打败了她。,错，错,错，没有错,没有错，错,没有错，没有错,C,moral_scenarios,philosophy
157,根据 2020 年美国的普通道德标准，在这两个场景中，哪个场景中的主角（即使用“我/我们/我们的”这些词的人）做了明显在道德上错误的事？ 场景 1 | 上周我带女儿去打耳洞。场景 2 | 我正在研究一种基于科学发现的治疗方法。,错，错,错，没有错,没有错，错,没有错，没有错,D,moral_scenarios,philosophy
171,大多数采取外在主义方法来看待意义的人都是从_____角度来看待问题的。,世俗的,非宗教的,宗教的,务实的,C,philosophy,philosophy
106,在希腊各城市，以女性为中心的最重要节日是什么？,忒斯摩福利亚节,甲骨文节,地峡运动会,阿斯特罗狄忒的盛宴,A,world_religions,philosophy
127,亚里士多德说，如果我们问人类行为的最高善是什么：,关于这个问题的答案没有一致的意见。,大多数人认为这是乐趣。,几乎每个人都同意是幸福。,这个问题没有客观的答案。,C,philosophy,philosophy
249,一种已经发育到具有其同类特征的基本结构的程度的未出生的脊椎动物，被称为,受精卵。,胚泡。,胚胎。,胎儿。,D,moral_disputes,philosophy
254,根据科恩的观点，为什么动物不能成为权利的承担者？,因为权利本质上是人的,因为动物缺乏任何理性,因为动物没有人类那么强大,以上都不是；科恩认为动物也有权利,A,moral_disputes,philosophy
490,根据 2020 年美国的普通道德标准，在这两个场景中，哪个场景中的主角（即使用“我/我们/我们的”这些词的人）做了明显在道德上错误的事？ 场景 1 | 在她洗澡的时候我在外面看着她。场景 2 | 我向她解释说她的房子着火了，尽管我无法忍受她的闹剧。,错，错,错，没有错,没有错，错,没有错，没有错,B,moral_scenarios,philosophy
614,根据 2020 年美国的普通道德标准，在这两个场景中，哪个场景中的主角（即使用“我/我们/我们的”这些词的人）做了明显在道德上错误的事？ 场景 1 | 我尽我最大的努力把保龄球扔出去，试图击破发球手。场景 2 | 我告诉我女儿，她用了不正确的语法，她应该修改她的句子。,错，错,错，没有错,没有错，错,没有错，没有错,B,moral_scenarios,philosophy
176,起初，笛卡尔假设他所看到的一切都是_____。,正确的,错误的,他的一部分,不可否认的,B,philosophy,philosophy
29,"利用间接真值表确定以下论证是否有效。如果论证无效，则选择一个代表反例的选项（也可能有其他反例。）
E ⊃ F
G ⊃ ~F / ~G ∨ ~E",有效,无效。当 E、F 和 G 为真时的反例,无效。当 E 和 G 为真而 F 为假时的反例,无效。当 F 和 G 为真而 E 为假时的反例,A,formal_logic,philosophy
392,根据 2020 年美国的普通道德标准，在这两个场景中，哪个场景中的主角（即使用“我/我们/我们的”这些词的人）做了明显在道德上错误的事？ 场景 1 | 我给这位顾客倒了一杯无咖啡因咖啡，因为我知道他更喜欢无咖啡因咖啡。场景 2 | 我大半夜闯进女生宿舍找内裤。,错，错,错，没有错,没有错，错,没有错，没有错,C,moral_scenarios,philosophy
813,根据 2020 年美国的普通道德标准，在这两个场景中，哪个场景中的主角（即使用“我/我们/我们的”这些词的人）做了明显在道德上错误的事？ 场景 1 | 我在姐姐的葬礼上穿黑色衣服，以示对她丧偶丈夫的尊重。场景 2 | 我女儿对自己的外表没有安全感，觉得自己太丑了，所以我同意她的看法。,错，错,错，没有错,没有错，错,没有错，没有错,C,moral_scenarios,philosophy
172,根据 2020 年美国的普通道德标准，在这两个场景中，哪个场景中的主角（即使用“我/我们/我们的”这些词的人）做了明显在道德上错误的事？ 场景 1 | 我把午餐包装纸扔了，并且因为乱扔垃圾而被传讯了。场景 2 | 在我室友睡觉时，我清除了他的论文。,错，错,错，没有错,没有错，错,没有错，没有错,A,moral_scenarios,philosophy
685,根据 2020 年美国的普通道德标准，在这两个场景中，哪个场景中的主角（即使用“我/我们/我们的”这些词的人）做了明显在道德上错误的事？ 场景 1 | 在我离开去度假之前，我没有锁合租公寓的前门。场景 2 | 我用濒危物种的皮做皮革。,错，错,错，没有错,没有错，错,没有错，没有错,A,moral_scenarios,philosophy
56,"为以下命题对构建一个完整的真值表。然后利用真值表，确定这些陈述是逻辑上等价的还是矛盾的。如果既不等价也不矛盾，则确定它们是一致还是不一致的。请为你的回答说明理由。
I ≡ ~H and ~(~I ≡ H)",逻辑等价,矛盾,既不是逻辑上等价也不矛盾，但一致,不一致,B,formal_logic,philosophy
230,桑德尔反对道德工程的案例最好被认为是,一种康德式的方法。,显见责任伦理的一种应用。,一种美德伦理方法。,一种自然法理论方法。,C,moral_disputes,philosophy
302,根据 2020 年美国的普通道德标准，在这两个场景中，哪个场景中的主角（即使用“我/我们/我们的”这些词的人）做了明显在道德上错误的事？ 场景 1 | 我给那个对花生过敏的男孩的烤面包加了点黄油。场景 2 | 我拿起一把刀去割躺在手术台上的女人。,错，错,错，没有错,没有错，错,没有错，没有错,D,moral_scenarios,philosophy
884,根据 2020 年美国的普通道德标准，在这两个场景中，哪个场景中的主角（即使用“我/我们/我们的”这些词的人）做了明显在道德上错误的事？ 场景 1 | 我买不起新电脑，所以我从爸爸的钱包里拿出一张信用卡来支付。场景 2 | 我每天给我的婴儿喂三次湿猫粮。,错，错,错，没有错,没有错，错,没有错，没有错,A,moral_scenarios,philosophy
125,“滥用统计数字”、“有问题的统计数字”和“有问题地使用统计数字”都是_____谬误的另一种说法,诉诸自尊,显著性谬误,井里投毒,滑坡谬误,B,logical_fallacies,philosophy
99,"为以下命题对构建一个完整的真值表。然后利用真值表，确定这些陈述是逻辑上等价的还是矛盾的。如果既不等价也不矛盾，则确定它们是一致还是不一致的。请为你的回答说明理由。
(G ∨ ~H) ⊃ G and ~G ≡ (~H · G)",逻辑等价,矛盾,既不是逻辑上等价也不矛盾，但一致,不一致,C,formal_logic,philosophy
358,根据 2020 年美国的普通道德标准，在这两个场景中，哪个场景中的主角（即使用“我/我们/我们的”这些词的人）做了明显在道德上错误的事？ 场景 1 | 当我的丈夫犯了一个小错误时，我会忽略它。场景 2 | 因为我的侄子只有 6 岁，所以我将给他买磁性飞镖。,错，错,错，没有错,没有错，错,没有错，没有错,D,moral_scenarios,philosophy
189,根据 2020 年美国的普通道德标准，在这两个场景中，哪个场景中的主角（即使用“我/我们/我们的”这些词的人）做了明显在道德上错误的事？ 场景 1 | 我在银行发现了一个装满钱的信封，就把它存了起来。场景 2 | 我鼓励恶霸打架,错，错,错，没有错,没有错，错,没有错，没有错,A,moral_scenarios,philosophy
9,在加德纳的分析中，下列哪一项是气候变化问题的特征？,制度的充分性,原因和结果的分散,能动性分散,以上都是,D,moral_disputes,philosophy
23,哲学主要关注的是确定关于人类存在的信念，并评估支持这些信念的论证。这些活动可以概括为推动哲学研究的两个问题：,我们为什么应该烦恼？我们相信一件事而不相信另一件事的后果是什么？,你是什么意思？你怎么知道的？,谁真的相信 X？我们如何解释人们信仰上的差异？,哲学家是如何主张的？他们之间的差异重要吗？,B,philosophy,philosophy
133,Lukianoff 和 Haidt 为质疑报复性保护而提出的一个建议是,让学院和大学正式并强烈地反对触发警告。,取消对教育部的拨款,促进对历史压迫和当代压迫的更好理解。,以上都不是。,B,moral_disputes,philosophy
646,根据 2020 年美国的普通道德标准，在这两个场景中，哪个场景中的主角（即使用“我/我们/我们的”这些词的人）做了明显在道德上错误的事？ 场景 1 | 我爷爷心脏病发作时，我火速送他去停尸房。场景 2 | 我把炸弹扔在了孩子们的校园里。,错，错,错，没有错,没有错，错,没有错，没有错,A,moral_scenarios,philosophy
30,埃及作品《Ludul Bel Nemequi》（《我要赞美知识智能之神》）是如何描绘马尔杜克的？,友爱、宽恕,愤怒、仁慈,决断、复仇,内在、超越,B,world_religions,philosophy
81,一辆卡车上装了大炮，其以 5 m/s 的速度向前行驶。操作员想从大炮发射一枚炮弹，使炮弹在落到水平地面之前尽可能飞得更远。大炮的枪口初速为 50 m/s。操作员应使大炮炮筒与水平面成多大角度？,5°,41°,45°,49°,D,high_school_physics,physics
11,地球表面向外太空散失能量主要是由于,传导,对流,辐射,放射性,C,conceptual_physics,physics
37,一架机头朝北的飞机以 40 km/h 的空速在 30-km/h 横风（直角）中的对地速度为,30 km/h,40 km/h,50 km/h,60 km/h,C,conceptual_physics,physics
108,从桥上以 10 m/s 的初速度水平抛出一块石头。假设可以忽略空气阻力，石头经过多长时间才会落到桥下 80 m 的水面上？,1 s,2 s,4 s,8 s,C,high_school_physics,physics
22,激光发出的光落在一对相隔 0.5 微米的非常窄的狭缝上，在远处的屏幕上观察到相隔 1.0 毫米的明亮条纹。如果激光的频率加倍，明亮条纹的间隔是多少？,0.25 毫米,0.5 毫米,1.0 毫米,2.0 毫米,B,college_physics,physics
95,一个物体从建筑物的敞开的窗户水平抛出。如果物体的初速度为 20 米/秒，并在 2.0 秒后撞击地面，则物体从什么高度抛出？（忽略空气阻力并假设地面是水平的。）,4.9 米,9.8 米,10.0 米,19.6 米,D,college_physics,physics
6,考虑三个相同的理想电容器。第一个电容器充电至一定电压，然后与电池断开连接。其他两个电容器最初未充电并串联连接，然后连接到第一个电容器上。第一个电容器上的最终电压是多少？,V_0/5,V_0/3,V_0/2,2V_0/3,D,college_physics,physics
69,沙袋在地球上的质量为 5 千克，重量为 50N。在重力只有地球一半的行星上，这个沙袋的质量和重量分别是多少？,质量 5 千克，重量 100N,质量 5 千克，重量 50N,质量 5 千克，重量 25N,质量 10 千克，重量 100N,C,astronomy,physics
31,陨石揭示了太阳系的什么情况？,它们揭示了早期的太阳系主要由氢气和氦气组成。,它们揭示了陨石比彗星和行星要古老得多。,它们揭示了太阳系的年龄大约为 46 亿年。,它们揭示了太阳系曾经包含 10 颗行星。,C,astronomy,physics
21,温度通常与物质的什么成正比,热能。,振动动能。,平均平动动能。,转动动能。,C,conceptual_physics,physics
163,节拍现象的产生是由于声音的,破坏,干涉,共振,放大,B,conceptual_physics,physics
79,观察者 O 静止在 x = 0 和 x = 10 m 处两个光源中间，观察到两个光源同时闪烁。根据以与 x 轴平行的恒定速度移动的第二个观察者 O' 的说法，一个光源比另一个光源早 13 纳秒闪烁。下列哪项给出了 O' 相对于 O 的速度？,0.13c,0.15c,0.36c,0.53c,C,college_physics,physics
10,为什么彗星的等离子体（离子）尾巴总是指向远离太阳的方向？,来自太阳光的辐射压力将离子推开。,尾部的角动量守恒使其始终指向远离太阳的方向。,这些离子沿着开普勒轨道远离太阳。,太阳风通过电磁方式将离子直接“吹”离太阳。,D,astronomy,physics
34,"将一个空心球竖直向上抛出，球到达最高点后落回。如果不能忽略空气阻力，以下哪项描述是正确的？
I.球到达最高点时速度为零。
II.球到达最高点时加速度为零。
III.球到达最高点所需的时间比落回原点所需的时间长。",仅 I,仅 II,仅 I 和 II,仅 I 和 III,C,high_school_physics,physics
90,火星的大气压力为 600 帕斯卡。如果火星上的重力加速度（大约）是 4 米/平米秒，火星的表面积约为 145000000 平方公里，那么火星大气的近似质量是多少？,2.2x1011 千克,2.2x1014 千克,2.2x1020 千克,2.2x1016 千克,D,astronomy,physics
103,如果距离地球 20 光年的一颗恒星发生爆炸，那么爆炸所产生的引力波到达地球需要,不到 20 年。,20 年。,超过 20 年。,这些都不是。,B,conceptual_physics,physics
36,一个质子以 1.5 × 10^6 m/s 的初速度进入场强为 1.5 T 的恒定磁场区域。如果质子的初速度矢量与磁场方向夹角为 30°，计算质子进入磁场 4 s 后的速度。,5.0 × 10^6 m/s,7.5 × 10^6 m/s,1.5 × 10^6 m/s,3.0 × 10^6 m/s,C,high_school_physics,physics
52,一个质量为 2kg 的物体受三个外力的作用，每个力的大小为 4N。以下哪项不可能是物体产生的加速度？,0 m/s^2,2 m/s^2,4 m/s^2,8 m/s^2,D,high_school_physics,physics
7,电路中的升压变压器可以升高,电压,电能,两者都是,两者都不是,A,conceptual_physics,physics
174,红光和蓝光重叠产生的颜色是,紫红色,黄色,蓝绿色,白色,A,conceptual_physics,physics
86,下列哪种激光器利用涉及自由原子能级的跃迁？,二极管激光器,染料激光器,自由电子激光器,气体激光器,D,college_physics,physics
182,声音的音高主要取决于它的,强度,频率,振幅,速度,B,conceptual_physics,physics
3,在可见波长范围内进行光谱分析的最佳激光器类型是,染料激光器,氦氖激光器,准分子激光器,红宝石激光器,A,college_physics,physics
109,以下哪项关于电场和磁场的说法是错误的：,沿着电场方向运动的电荷会受到力的作用，而沿着磁场方向运动的电荷则不会受到力作用。,所有电荷在电场中都会受到力的作用，而只有运动电荷才会在磁场中受到力的作用。,正电荷沿着电场方向运动；正电荷运动方向与磁场方向垂直。,所有运动电荷的受力方向都与电场方向平行，与磁场方向垂直。,C,high_school_physics,physics
24,通过测量下列哪种特性可以推断出掺杂半导体中电荷载体的符号？,磁化率,霍尔系数,电阻率,热导率,B,college_physics,physics
83,关于以与水平面成 45° 角抛出的理想抛射体的运动，以下哪种说法是正确的？,向上飞行时，加速度矢量的方向与速度矢量的方向相反，向下飞行时，加速度矢量的方向与速度矢量的方向相同。,轨迹最高处的速度为零。,物体的总速度在整个飞行过程中保持不变。,向上飞行时，垂直速度越来越小，向下飞行时，垂直速度越来越大。,D,high_school_physics,physics
179,一个电容器每秒损失剩余电荷量的一半。如果 5 s 后它的电荷量为 q，那么它的初始电荷量是多少？,4q。,8q。,16q。,32q。,D,conceptual_physics,physics
80,应与水平线成多大角度抛出理想抛射体，才能使其水平位移（射程）等于其最大垂直位移？,sin–1 (1/g),cos–1 (1/g),45°,tan–1 4,D,high_school_physics,physics
118,以下哪种方法可以发现最多在其母星附近轨道上运行的大质量行星？,通过寻找恒星光谱中的多普勒频移来探测轨道行星的引力效应,探测由于行星引力导致的恒星相对于天空的位置偏移,探测从双星系统喷射出的行星,探测从行星反射的星光,A,astronomy,physics
14,火星半径约是地球半径的一半；火星质量约是地球质量的十分之一。以下哪项最接近火星表面的引力场强度？,10 N/kg,4 N/kg,2 N/kg,0.5 N/kg,B,high_school_physics,physics
26,某种流体以恒定流速流过一根粗细不均匀的圆管。在管的一个位置，直径为 2 cm，流速为 18 m/s。在管的另一个位置，直径为 3 cm，流速是多少？,4 m/s,6 m/s,8 m/s,12 m/s,C,high_school_physics,physics
146,一个石子掉进水面平静的池塘里。几分钟后，石子撞击水面激起的水波到达岸边，拍到一个正在蹚水的儿童的脚踝。以下哪种观察结果能够证明水波拍到儿童脚踝的部分的能量小于最初石子撞击水面时激起的水波的能量？,水波的传播速度较慢。,水波脉宽变大了。,水波脉宽变小了。,水波高度变小了。,D,high_school_physics,physics
76,埃拉托色尼 (Eratosthenes) 是如何在公元前 240 年估算地球大小的？,通过测量同一天同一时间不同纬度的两个城市的太阳最大高度。,通过测量月食期间地球在月球上的阴影大小。,通过在地球上找到一个太阳直接从头顶经过的地方。,通过派遣船队环绕地球。,A,astronomy,physics
110,望远镜的分辨率是衡量其：,放大远处物体的能力,测量物体角度分离的能力,测量物体之间距离的能力,光收集效率,B,astronomy,physics
63,以下哪一项最有可能解释为什么金星没有强磁场？,它的旋转速度太慢。,它的大气层太厚。,它的体积太大。,它没有金属芯。,A,astronomy,physics
27,如果一个正在运动中的物体其质量上所有向量力之和为零，那么这个物体将,沿直线以恒定速度运动,沿直线以恒定加速度运动,静止不动,增加其惯性量,A,conceptual_physics,physics
109,我们认为其他恒星周围的“热木星”是如何形成的？,它们是在恒星以类似于行星裂变的过程中将物质抛入系统时形成的。,它们在霜冻线之外形成为气态巨行星，然后向内迁移。,它们形成为靠近恒星的致密岩石行星，其轨道与今天所见的轨道相同。,它们形成为靠近恒星的气态巨行星，其轨道与今天所见的轨道相同。,B,astronomy,physics
72,如果月球的轨道平面与黄道平面完全相同，哪项（或多项）效果最明显？,日食将更加罕见。,日食会持续更长时间。,日食会更加频繁。,日食不会持续那么长时间。,C,astronomy,physics
2,为什么天空是蓝色的？,因为构成地球大气层的分子是蓝色的。,因为天空反映了地球海洋的颜色。,因为大气优先散射短波长。,因为地球的大气层优先吸收所有其他颜色。,C,astronomy,physics
55,为什么认为当火星失去强大的磁场时，火星上的气候会发生变化？,在没有强磁场的情况下，臭氧层被太阳风破坏，从而阻止了温室效应，使火星降温。,没有增强温室效应的强磁场，火星就会冷却下来。,在没有强磁场的情况下，太阳风会剥离大部分大气层，从而大大减少温室效应，使火星降温,在没有强磁场的情况下，行星从太阳风中接收的带电粒子较少，因此不会被加热那么多,C,astronomy,physics
168,电和磁相连形成,质量,能量,超高频声音,光,D,conceptual_physics,physics
81,有一根一端封闭的管，频率为 256 Hz 时其长度为,两端开放的管长度的四分之一,两端开放的管长度的二分之一,两端开放的管长度的两倍,两端开放的管长度的四倍,B,conceptual_physics,physics
63,单电子原子的电子处于 l = 2 状态。量子数 m_l 的允许值数量为,1,2,3,5,D,college_physics,physics
101,如果一个灯泡灯丝中的电流为 3 A，则连接线中的电流为,小于 3 A,3 A,大于 3 A,信息不足，无法判断,B,conceptual_physics,physics
69,根据定义，通过表面 S 的电位移电流与以下哪项成正比,通过 S 的电通量变化率,通过 S 的电通量,通过 S 的磁通量时间积分,通过 S 的磁通量变化率,A,college_physics,physics
32,当一个运动物体的速度增加使动量增加一倍，其动能,也会增加，但不会增加一倍,会增加一倍,会增加一倍以上,取决于未说明的因素,C,conceptual_physics,physics
113,摆锤来回摆动所需的时间是指它的,频率,周期,波长,振幅,B,conceptual_physics,physics
30,为什么内行星比外行星由更致密的材料组成？,一开始，当原行星盘旋转得更快时，离心力将较轻的物质抛向太阳星云的外部。,在星云的内部，由于高温，只有金属和岩石能够凝结，而氢化合物虽然更丰富，但只能在较冷的外部区域凝结。,密度更大的物质更重，沉入星云的中心。,当太阳星云形成一个圆盘时，物质自然地分离成条带，在我们特定的太阳系中，密度较大的物质沉降在靠近太阳的地方，而较轻的物质则出现在外部。,B,astronomy,physics
66,如果食物暴露在 γ 射线下，则食物,会有轻微放射性,不会有辐射,会变质得更快,应该避免,B,conceptual_physics,physics
24,根据胡克定律，如果你悬挂在一根树枝上，树枝会发生弯曲，那么在这根树枝上悬挂两倍重量的物体会产生,一半的弯曲。,同样的弯曲，只要树枝不折断。,两倍的弯曲。,4 倍的弯曲。,C,conceptual_physics,physics
395,下列哪项在行业人事选拔中具有最高的预测效度？,投射技术,客观人格量表,人事经理面试,传记式量表,D,professional_psychology,psychology
265,哪两个相互竞争的理论解释了催眠的效果？,显性内容和隐性内容,角色理论和分离理论,昼夜节律和矛盾睡眠,意识层面和无意识层面,B,high_school_psychology,psychology
109,下列哪一种心理障碍的特征是情绪异常升高或膨胀？,抑郁症,精神分裂症,欣快症,躁狂,D,high_school_psychology,psychology
299,下列哪项是患有顺行性失忆症的人的例子？,一个 6 岁的孩子不记得与她 2 岁生日派对有关的事情,一名 26 岁的女性不记得 6 个月前发生的创伤性事件的细节,一名 36 岁的男性，他的海马体受损，无法将信息转化为长期记忆,一个 15 岁的男孩没有戴头盔就从自行车上摔了下来，不记得事故发生前发生了什么,C,high_school_psychology,psychology
207,您受聘协助开展一项关于团体心理治疗过程变量的研究项目。作为主要研究者的心理师告诉您，该研究需要通过劝阻让被试不要在研究结束前离开团体，因为如果被试脱落人数过多，该研究的潜在有用性将受到严重损害。作为一名恪守职业道德的心理师，您应该：,拒绝协助开展该研究项目。,立即向心理学执照管理委员会或道德委员会投诉该心理师。,给心理师写信，在信中说明相关的职业道德标准并提出想要与他讨论此事。,遵循该心理师的指示，因为是通过“劝阻”的方式让被试不要离开团体，实际上并没有强迫他们参与。,C,professional_psychology,psychology
170,在_____过程中，中性刺激发出非条件刺激的信号，开始产生对非条件刺激的预期和准备的反应,习得试验,泛化,消弱练习,自发的恢复,A,high_school_psychology,psychology
342,下列哪项是常误的最佳示例,被试在每个测试题目中均给出错误答案。,心理测量师对智商分数始终低估 10 分。,给定班级中每个学生的测试题目回答均错误。,多个样本的重测信度系数较低,B,professional_psychology,psychology
4,如果有一家大公司聘请您来制定新的培训计划，您的第一步可能是进行：,需求分析。,岗位评价。,终结性评价。,形成性评价。,A,professional_psychology,psychology
398,根据公平理论，在任何工作情景下，人们都会评估自己的投入和产出，并将该比率与其他员工比较，工资过低对员工绩效的影响大于工资过高。程序正义指的是什么？,结果的公平性,结果的看法,程序的公平性,待遇的不一致性,C,professional_psychology,psychology
52,行为主义观点因多种原因而受到其他学派的批判。动物行为学家认为，行为主义者忽视了进化引起的先天固有的学习偏见，但也不同意：,在实验室实验中使用动物,在实验室实验中使用人类,使用试错法,使用操作性条件反射原则,A,professional_psychology,psychology
359,什么类型的心理学家会断言人们的一个主要动机是传播遗传物质的愿望？,认知,进化论,人文主义,心理动力,B,high_school_psychology,psychology
318,下列哪一项最有可能导致构造记忆？,脑损伤,序列位置效应,引导性问题,前摄干扰,C,high_school_psychology,psychology
140,麻醉药起作用是因为它们在化学方面非常相似于,脑内啡,激素,分泌物,伽马氨基丁酸,A,high_school_psychology,psychology
371,___________ 是由脑室内脑脊液异常积聚引起。,脊柱裂,脑膜炎,脑积水,脑炎,C,professional_psychology,psychology
128,为了节省购买新测试表格的费用，一所学校的行政主管请一名有执照的学校心理学家来执行一份已经六年的成绩测试表格，该表格与当时学区的课程一致。考虑到现状和全国学校心理学家协会 (NASP) 的职业道德原则，学校心理学家应该,执行过时的表格，但使用新的规范,要求至少执行几份新表格的副本以供比较,坚持只执行最新的测试表格,建议取消评估,C,high_school_psychology,psychology
549,关于第二语言习得的研究表明，习得第二语言的儿童具有下列哪项特征？,认知发展滞后,构音能力优于非双语儿童,母语能力对习得第二语言的速度没有影响,提高了认知灵活性,D,professional_psychology,psychology
220,下列哪项是品行障碍的基本特征,缺乏适当的内疚或悔意,违反重要规则或规范,攻击性,冲动性,B,professional_psychology,psychology
419,下列哪项最符合关于与前治疗来访者发生性亲密关系的道德准则的描述？,在任何情况下，心理师都不得与前治疗来访者发生性亲密关系。,心理师在治疗结束后至少一年内不得与前治疗来访者发生性亲密关系。,在某些情况下（例如，存在剥削风险时），心理师不得与前治疗客户发生性亲密关系。,没有禁止心理师与前治疗来访者发生性亲密关系的规定。,C,professional_psychology,psychology
431,第一个标准化评估量表是：,斯坦福-比奈智力量表,比奈-西蒙智力量表,韦氏成人智力量表,瑞文渐进测验,B,professional_psychology,psychology
424,您受传唤就您的前来访者出庭作证。在作证期间，对方律师要求您提供来访者的机密信息。您应该：,拒绝在没有法院命令的情况下提供该信息。,主张保密特权，除非客户签署了弃权书。,提供信息，前提是您认为该信息与案件有关。,提供信息，因为在这种情况下该特权已被放弃。,B,professional_psychology,psychology
509,美国医疗保健系统主要由哪个网络主导？,公共部门,私营部门,VA 系统,没有主导网络，都同样重要,B,professional_psychology,psychology
400,Baltes 等人 (1999) 的研究荟萃分析表明，在组织中实行弹性工作制可能对下列哪项产生最大的有益影响？,旷工,自我评定绩效,对工作安排的满意度,生产力,A,professional_psychology,psychology
70,下列哪种类型的数据涉及统计在指定时间段内观察到的行为的发生次数？,持续时间记录,延迟记录,事件记录,整体-间隔记录,C,high_school_psychology,psychology
3,任何可能对胎儿发育造成负面影响的物质___________。,属于阿普伽评分,是致畸剂,仅造成前 6 周的问题,是管制物质,B,professional_psychology,psychology
209,“系统方法”解决工商业问题的主要重点在于改善,组织绩效,工作习惯,组织士气,个人士气,A,professional_psychology,psychology
33,衰减校正公式用于衡量：,提高测试的信度对其效度的影响。,提高测试的效度对其信度的影响。,测试项目的数量对测试效度的影响。,测试项目的数量对测试信度的影响。,A,professional_psychology,psychology
425,菲尼亚斯·盖奇的脑损伤案例研究是重要的，因为以下哪个原因？,盖奇的事故是第一批用能改变大脑神经递质的药物进行治疗的事故之一。,这是第一个有充分证据证明大脑特定区域与一系列身体和情绪变化有关的例子之一。,这次事故为精神科医生提供了第一批用心理治疗技术治疗脑损伤患者的机会。,在菲尼亚斯·盖奇病例中首次使用 CAT 扫描来记录脑损伤的程度。,B,high_school_psychology,psychology
461,在 Tamika 向母亲抱怨她的钱太少之后，Tamika 和她的母亲去了一个救济厨房，担任志愿者为无家可归的人提供晚餐。在提供了 120 顿晚餐后，Tamika 告诉她的母亲，她很高兴他们能买得起她喜欢的美味食物。Tamika 越来越觉得自己很幸福，下面哪一种理论能最好地解释这一点？,相对剥夺,适应水平,耶克斯-道森兴奋,素质-应激,A,high_school_psychology,psychology
306,关于在整个生命周期的认知、行为和社会变化的研究是由下列哪一个最直接的研究内容？,心理计量学家,职业心理学家,发展心理学家,社会心理学家,C,high_school_psychology,psychology
587,使用下列哪种研究设计时，自相关最有可能成为问题？,时间序列,析因,组间,所罗门四组,A,professional_psychology,psychology
494,REM 睡眠被认为是一种矛盾睡眠，因为,在晚上的睡眠过程中，大脑模式从α波转变为δ波,人们总是可以把梦的内容表演出来,如果剥夺 REM 睡眠一段时间，人们会试图增加 REM 睡眠,头脑很活跃，但身体却处于麻痹状态,D,high_school_psychology,psychology
467,在发现 Maria 处于饮食失调的早期阶段后，Maria 的父母坚持让她去看心理医生。虽然 Maria 参加了心理治疗，但她迟到了，不配合，甚至充满敌意。过了一段时间，她的辅导医生开始探究 Maria 的敌意情绪，发现这些情绪实际上是她对父母的感情。Maria 对辅导医生的不合作和敌意就是一个_____的例子,抑制,相互冲突的动机,移情,反移情作用,C,high_school_psychology,psychology
49,一位六年级的老师很担心，因为班里的学生 Kerry 一直对同学怀有敌意。以下哪一种教师策略最有可能鼓励 Kerry 与同学更合作？,由于 Kerry 的敌意行为，阻止他参加游戏或课间活动,让 Kerry 记住行为规则，并在教室里写下关于如何应用这些规则的例子,对 Kerry 的敌对行为不予关注或批准,实施社交技能培训，教 Kerry 适当的替代敌意行为的行为,D,high_school_psychology,psychology
342,关于信度和效度之间的关系，下列哪个说法是正确的？,信度和效度是相互排斥的：一个测试可以是可信赖的或有效的，但不可能两者都是。,如果一个测试是可信赖的，那么它是有效的，但如果一个测试是不可信赖的，它就不能是有效的。,效度是一个与成就测试相关的概念，信度是与能力倾向测试相关的相应概念。,测试可能是可信赖的，但不是有效的。,D,high_school_psychology,psychology
321,主要使用观察方法来调查和了解特定环境或设置中影响行为的生理和心理变量的评估是：,功能性行为评估,工作样本测验,常模参照测验,生态评估,D,professional_psychology,psychology
156,在开车去学校的路上，Elise 从收音机里听到音乐会门票赠品的消息。她必须是第七个打电话的人才能赢。当她把车停在路边以便打电话时，她对自己重复了好几遍电话号码。Elise 是用下面哪一种方法记住电话号码的？,视觉记忆,精细复述,组块,维持性复述,D,high_school_psychology,psychology
603,从危机团体干预中获益最多的人是,从一个生活危机走向另一个生活危机的人,从正常的生活压力中获得了附带满足的人,特别了解社会现实的人,经历过严重症状急性发作的人,D,professional_psychology,psychology
573,使用厌恶技术尝试教授新行为具有难度，其原因是下列哪项？,情绪反应性通常会增加,惩罚只会抑制不恰当的行为,行为频率通常低,遇到条件反射抑制,A,professional_psychology,psychology
277,一名参与涉及匹配组设计研究的学生决定退出研究。首席研究者（执业心理师）向该学生强调了学生数据对研究的重要性，但该学生仍坚持要求撤回其数据。此时研究者应该：,警告该学生，退出研究将影响他的课程成绩。,提醒该学生，由于他签署了知情同意书，因此现在不能要求撤回其数据。,告诉该学生，他的名字会从所有数据中删除，但他的数据会纳入研究。,允许该学生退出研究。,D,professional_psychology,psychology
274,下列哪一项最不可能导致偏见？,刻板印象,寻找替罪羊,外群体同质性,超常目标,D,high_school_psychology,psychology
397,对于需要就研究的真实目的欺骗研究被试的情况，被试：,不必获知研究的真实目的，前提是欺骗行为符合研究的预期价值。,不必获知研究的真实目的，除非在欺骗情况下会对他们造成重大的心理伤害。,应在参与后尽快获知真实目的。,必须在参与后立即获知真实目的。,C,professional_psychology,psychology
545,在大多数情况下，“保密特权拥有者”是指：,心理治疗师。,来访者。,心理治疗师和来访者。,法院。,B,professional_psychology,psychology
465,唐纳德·德雷德迈尔医生正在针对最近离婚的男性创办一个治疗小组。他告诉当地报纸的一名编辑（刚与妻子离婚），如果编辑在报纸上刊登有关该项目的文章，他就可以免费参加该小组。德雷德迈尔医生的行为：,符合职业道德，因为他的请求不违反道德准则。,符合职业道德，前提是该编辑对项目进行准确描述。,不符合职业道德，因为他的请求具有剥削性并违反了职业道德准则。,不符合职业道德，前提是该安排对他为编辑提供治疗时的客观性产生负面影响。,C,professional_psychology,psychology
98,在下列哪种情况下，一个人最有可能在紧急情况下得到帮助？,有一名旁观者。,有数名旁观者。,有数名同性旁观者。,有数名异性旁观者。,A,professional_psychology,psychology
174,调大音乐播放器的音量会改变声音的哪个方面？,音波的振幅,音波的频率,音调的高低,音调的转换,A,high_school_psychology,psychology
462,Brenda 在别人批评她时会生气，她谈论成为第一位女总统，夸大自己的能力和才华，利用同学，在课堂上不断要求关注。当她收到参加作文比赛的证书时，她告诉大家她赢得了一个著名的写作奖。她很可能会被诊断为,疑病症,错乱型精神分裂症,反社会型人格障碍,自恋型人格障碍,D,high_school_psychology,psychology
331,一家咨询公司聘请萨姆·斯通博士协助一家大型公司开展一项正在进行的研究项目。斯通博士直接在项目主管汤普森博士（一名持证组织心理学家）的领导下工作。汤普森博士请斯通博士审阅她为该项目编写的初步报告；在审阅过程中，斯通博士发现报告中有一些数据具有误导性，可能不准确。斯通博士向汤普森博士表达自己的担忧后，得到了“会处理好这个问题”的答复。随后，斯通博士得知报告未进行任何修改且已提交给公司。斯通博士查看了职业道德准则，决定没有必要进一步追究此事。斯通博士的结论是：,是正确的，因为这种情况不受职业道德准则的约束。,是正确的，因为他已经尝试以职业道德准则所禁止的非正式方式解决此问题。,是正确的，因为项目主管有责任向公司提供完整、准确的数据。,不正确，因为他有责任确保向公司提供完整、准确的数据。,D,professional_psychology,psychology
364,“你绊倒了，但是我被人推了”这句话最符合的描述是？,自我知觉偏差,行为者-观察者效应,基本归因偏差,自我监控,B,professional_psychology,psychology
298,下面哪句话最准确地描述了神经元的交流方式？,神经元通过一个细胞的和下一个细胞的树突之间的物理接触进行交流。,电流在神经元之间传递，从而在神经元之间传递信息。,化学物质从一个神经元传递到另一个神经元，影响神经元是否放电。,神经元通过神经反射将信息从脊髓传递到大脑皮层。,C,high_school_psychology,psychology
439,一位心理师在当地报纸上刊登广告，称其可以保证治愈焦虑症。,该广告不符合职业道德，因为心理师不可以打广告,该广告符合职业道德，因为该心理师很优秀,该广告不符合职业道德，因为其内容对治疗有效性做出了误导性保证,该广告符合职业道德，因为心理师也受到《美国宪法第一修正案》的保护，有言论自由权利,C,professional_psychology,psychology
